0.0	-126.41526730250435	47.77061615096203	-2277.927490234375
0.0008791135346762484	-126.41446586598376	47.77097745431147	-2275.875
0.0017582270693524968	-126.41366442946317	47.77133875766092	-2273.948486328125
0.002637340604028745	-126.41286299294259	47.771700061010364	-2271.99560546875
0.0035164541387049937	-126.412061556422	47.77206136435981	-2269.033447265625
0.004395567673381242	-126.41126011990141	47.77242266770925	-2266.935302734375
0.00527468120805749	-126.41045868338082	47.7727839710587	-2267.119140625
0.006153794742733739	-126.40965724686023	47.773145274408144	-2266.052490234375
0.007032908277409987	-126.40885581033965	47.77350657775759	-2264.596923828125
0.007912021812086235	-126.40805437381907	47.77386788110703	-2263.53515625
0.008791135346762484	-126.40725293729848	47.77422918445648	-2263.53955078125
0.009670248881438732	-126.40645150077789	47.77459048780592	-2264.989013671875
0.01054936241611498	-126.4056500642573	47.77495179115537	-2266.56005859375
0.01142847595079123	-126.40484862773671	47.77531309450481	-2268.3662109375
0.012307589485467478	-126.40404719121612	47.77567439785426	-2269.0
0.013186703020143726	-126.40324575469555	47.7760357012037	-2269.069091796875
0.014065816554819975	-126.40244431817496	47.77639700455315	-2269.053466796875
0.014944930089496223	-126.40164288165437	47.77675830790259	-2268.56982421875
0.01582404362417247	-126.40084144513378	47.77711961125204	-2268.52197265625
0.01670315715884872	-126.40004000861319	47.77748091460148	-2268.878173828125
0.017582270693524967	-126.3992385720926	47.777842217950926	-2272.0
0.018461384228201216	-126.39843713557202	47.77820352130037	-2272.60791015625
0.019340497762877464	-126.39763569905143	47.77856482464982	-2273.640625
0.020219611297553713	-126.39683426253085	47.77892612799926	-2272.64404296875
0.02109872483222996	-126.39603282601026	47.779287431348706	-2271.599609375
0.02197783836690621	-126.39523138948967	47.77964873469815	-2269.556640625
0.02285695190158246	-126.39442995296908	47.7800100380476	-2269.6806640625
0.023736065436258707	-126.3936285164485	47.78037134139704	-2268.73095703125
0.024615178970934955	-126.39282707992791	47.780732644746486	-2264.5712890625
0.025494292505611204	-126.39202564340732	47.78109394809593	-2263.9716796875
0.026373406040287452	-126.39122420688673	47.78145525144538	-2262.6982421875
0.0272525195749637	-126.39042277036614	47.78181655479482	-2260.043212890625
0.02813163310963995	-126.38962133384555	47.782177858144266	-2258.0
0.029010746644316198	-126.38881989732498	47.782539161493716	-2253.595703125
0.029889860178992447	-126.38801846080439	47.78290046484316	-2250.96728515625
0.030768973713668695	-126.3872170242838	47.7832617681926	-2246.679443359375
0.03164808724834494	-126.38641558776321	47.783623071542046	-2244.72412109375
0.03252720078302119	-126.38561415124262	47.783984374891496	-2239.654296875
0.03340631431769744	-126.38481271472203	47.78434567824094	-2236.96435546875
0.034285427852373686	-126.38401127820146	47.78470698159038	-2233.32373046875
0.035164541387049934	-126.38320984168087	47.785068284939825	-2229.851806640625
0.03604365492172618	-126.38240840516028	47.785429588289276	-2226.744873046875
0.03692276845640243	-126.38160696863969	47.78579089163872	-2223.961669921875
0.03780188199107868	-126.3808055321191	47.78615219498816	-2222.7490234375
0.03868099552575493	-126.38000409559851	47.786513498337605	-2216.9609375
0.03956010906043118	-126.37920265907793	47.786874801687055	-2213.96044921875
0.040439222595107426	-126.37840122255734	47.7872361050365	-2208.7275390625
0.041318336129783674	-126.37759978603675	47.78759740838594	-2204.92626953125
0.04219744966445992	-126.37679834951616	47.787958711735385	-2199.95849609375
0.04307656319913617	-126.37599691299557	47.788320015084835	-2198.926513671875
0.04395567673381242	-126.37519547647499	47.78868131843428	-2200.77685546875
0.04483479026848867	-126.37439403995441	47.78904262178372	-2198.95703125
0.04571390380316492	-126.37359260343382	47.789403925133165	-2194.5400390625
0.046593017337841165	-126.37279116691323	47.789765228482615	-2191.7158203125
0.047472130872517414	-126.37198973039264	47.79012653183206	-2189.7197265625
0.04835124440719366	-126.37118829387205	47.7904878351815	-2186.82373046875
0.04923035794186991	-126.37038685735146	47.790849138530945	-2183.5009765625
0.05010947147654616	-126.36958542083089	47.791210441880395	-2178.95458984375
0.05098858501122241	-126.3687839843103	47.79157174522984	-2178.0
0.051867698545898656	-126.36798254778971	47.79193304857928	-2175.0
0.052746812080574905	-126.36718111126912	47.792294351928724	-2172.79052734375
0.053625925615251153	-126.36637967474853	47.792655655278175	-2166.953369140625
0.0545050391499274	-126.36557823822794	47.79301695862762	-2163.953125
0.05538415268460365	-126.36477680170736	47.79337826197706	-2158.93017578125
0.0562632662192799	-126.36397536518677	47.79373956532651	-2158.0
0.05714237975395615	-126.36317392866619	47.794100868675955	-2155.0
0.058021493288632396	-126.3623724921456	47.7944621720254	-2152.815673828125
0.058900606823308645	-126.361571055625	47.79482347537484	-2150.02001953125
0.05977972035798489	-126.36076961910442	47.79518477872429	-2143.86279296875
0.06065883389266114	-126.35996818258384	47.795546082073734	-2137.626220703125
0.06153794742733739	-126.35916674606325	47.79590738542318	-2124.548828125
0.06241706096201364	-126.35836530954266	47.79626868877262	-2117.78759765625
0.06329617449668988	-126.35756387302207	47.79662999212207	-2103.80859375
0.06417528803136613	-126.35676243650148	47.796991295471514	-2094.90380859375
0.06505440156604238	-126.3559609999809	47.79735259882096	-2080.79931640625
0.06593351510071863	-126.35515956346032	47.7977139021704	-2073.669677734375
0.06681262863539487	-126.35435812693973	47.79807520551985	-2058.744140625
0.06769174217007112	-126.35355669041914	47.798436508869294	-2050.89013671875
0.06857085570474737	-126.35275525389855	47.79879781221874	-2034.876220703125
0.06944996923942362	-126.35195381737796	47.79915911556818	-2025.6981201171875
0.07032908277409987	-126.35115238085737	47.79952041891763	-2015.775390625
0.07120819630877612	-126.3503509443368	47.799881722267074	-2000.6527099609375
0.07208730984345237	-126.3495495078162	47.80024302561652	-1992.78369140625
0.07296642337812861	-126.34874807129562	47.80060432896596	-1981.7720947265625
0.07384553691280486	-126.34794663477503	47.80096563231541	-1974.686767578125
0.07472465044748111	-126.34714519825444	47.801326935664854	-1959.6484375
0.07560376398215736	-126.34634376173385	47.8016882390143	-1950.546630859375
0.07648287751683361	-126.34554232521327	47.80204954236374	-1935.4840087890625
0.07736199105150986	-126.34474088869268	47.80241084571319	-1927.5902099609375
0.0782411045861861	-126.3439394521721	47.80277214906263	-1917.804443359375
0.07912021812086235	-126.3431380156515	47.80313345241208	-1913.91357421875
0.0799993316555386	-126.34233657913092	47.80349475576152	-1909.771728515625
0.08087844519021485	-126.34153514261033	47.80385605911097	-1897.925537109375
0.0817575587248911	-126.34073370608975	47.80421736246041	-1890.879150390625
0.08263667225956735	-126.33993226956916	47.804578665809856	-1873.952392578125
0.0835157857942436	-126.33913083304857	47.80493996915931	-1866.947021484375
0.08439489932891985	-126.33832939652798	47.80530127250875	-1858.1226806640625
0.0852740128635961	-126.33752796000739	47.80566257585819	-1854.9759521484375
0.08615312639827234	-126.3367265234868	47.806023879207636	-1842.78515625
0.08703223993294859	-126.33592508696623	47.80638518255709	-1829.611572265625
0.08791135346762484	-126.33512365044564	47.80674648590653	-1811.0635986328125
0.08879046700230109	-126.33432221392505	47.80710778925597	-1810.42333984375
0.08966958053697734	-126.33352077740446	47.807469092605416	-1808.24365234375
0.09054869407165358	-126.33271934088387	47.807830395954866	-1805.1378173828125
0.09142780760632983	-126.33191790436328	47.80819169930431	-1803.8607177734375
0.09230692114100608	-126.3311164678427	47.80855300265375	-1815.3697509765625
0.09318603467568233	-126.33031503132212	47.808914306003196	-1820.537841796875
0.09406514821035858	-126.32951359480153	47.809275609352646	-1853.0098876953125
0.09494426174503483	-126.32871215828094	47.80963691270209	-1863.270751953125
0.09582337527971108	-126.32791072176035	47.80999821605153	-1877.465576171875
0.09670248881438732	-126.32710928523976	47.810359519400976	-1889.329345703125
0.09758160234906357	-126.32630784871918	47.810720822750426	-1903.2313232421875
0.09846071588373982	-126.32550641219859	47.81108212609987	-1910.19287109375
0.09933982941841607	-126.324704975678	47.81144342944931	-1913.0545654296875
0.10021894295309232	-126.32390353915741	47.811804732798755	-1913.9903564453125
0.10109805648776857	-126.32310210263682	47.812166036148206	-1912.0382080078125
0.10197717002244482	-126.32230066611623	47.81252733949765	-1868.2769775390625
0.10285628355712106	-126.32149922959566	47.81288864284709	-1860.99609375
0.10373539709179731	-126.32069779307507	47.813249946196535	-1849.8631591796875
0.10461451062647356	-126.31989635655448	47.813611249545986	-1842.5843505859375
0.10549362416114981	-126.31909492003389	47.81397255289543	-1827.7860107421875
0.10637273769582606	-126.3182934835133	47.81433385624487	-1815.529052734375
0.10725185123050231	-126.31749204699271	47.814695159594315	-1791.8441162109375
0.10813096476517856	-126.31669061047214	47.815056462943765	-1777.7154541015625
0.1090100782998548	-126.31588917395155	47.81541776629321	-1754.7022705078125
0.10988919183453105	-126.31508773743096	47.81577906964265	-1740.03759765625
0.1107683053692073	-126.31428630091037	47.8161403729921	-1713.9451904296875
0.11164741890388355	-126.31348486438978	47.816501676341545	-1698.7568359375
0.1125265324385598	-126.3126834278692	47.81686297969099	-1685.9891357421875
0.11340564597323605	-126.31188199134861	47.81722428304043	-1668.499755859375
0.1142847595079123	-126.31108055482802	47.81758558638988	-1663.0621337890625
0.11516387304258854	-126.31027911830743	47.817946889739325	-1657.088134765625
0.11604298657726479	-126.30947768178684	47.81830819308877	-1655.9967041015625
0.11692210011194104	-126.30867624526626	47.81866949643821	-1650.8953857421875
0.11780121364661729	-126.30787480874568	47.81903079978766	-1645.792236328125
0.11868032718129354	-126.30707337222509	47.819392103137105	-1634.1114501953125
0.11955944071596979	-126.3062719357045	47.81975340648655	-1625.103271484375
0.12043855425064603	-126.30547049918391	47.82011470983599	-1609.1722412109375
0.12131766778532228	-126.30466906266332	47.82047601318544	-1600.1146240234375
0.12219678131999853	-126.30386762614273	47.820837316534885	-1591.745361328125
0.12307589485467478	-126.30306618962216	47.82119861988433	-1579.131591796875
0.12395500838935103	-126.30226475310157	47.82155992323377	-1570.5638427734375
0.12483412192402728	-126.30146331658098	47.82192122658322	-1556.566162109375
0.12571323545870353	-126.30066188006039	47.822282529932664	-1548.006103515625
0.12659234899337976	-126.2998604435398	47.82264383328211	-1538.1295166015625
0.12747146252805602	-126.29905900701921	47.82300513663155	-1533.7078857421875
0.12835057606273226	-126.29825757049863	47.823366439981	-1529.46484375
0.12922968959740852	-126.29745613397805	47.823727743330444	-1527.751708984375
0.13010880313208475	-126.29665469745746	47.82408904667989	-1526.919921875
0.13098791666676102	-126.29585326093687	47.82445035002933	-1529.470703125
0.13186703020143725	-126.29505182441628	47.82481165337878	-1536.7767333984375
0.13274614373611351	-126.29425038789569	47.825172956728224	-1544.51171875
0.13362525727078975	-126.29344895137511	47.82553426007767	-1554.409912109375
0.134504370805466	-126.29264751485452	47.82589556342711	-1571.1109619140625
0.13538348434014225	-126.29184607833393	47.82625686677656	-1581.6688232421875
0.1362625978748185	-126.29104464181334	47.826618170126004	-1597.458984375
0.13714171140949474	-126.29024320529275	47.82697947347545	-1608.0010986328125
0.138020824944171	-126.28944176877216	47.8273407768249	-1625.57666015625
0.13889993847884724	-126.28864033225159	47.82770208017434	-1637.494140625
0.1397790520135235	-126.287838895731	47.828063383523784	-1659.5267333984375
0.14065816554819974	-126.28703745921041	47.82842468687323	-1675.4302978515625
0.141537279082876	-126.28623602268982	47.82878599022268	-1695.6593017578125
0.14241639261755223	-126.28543458616923	47.82914729357212	-1716.5390625
0.1432955061522285	-126.28463314964864	47.82950859692156	-1742.4986572265625
0.14417461968690473	-126.28383171312807	47.82986990027101	-1785.592529296875
0.145053733221581	-126.28303027660748	47.83023120362046	-1812.6063232421875
0.14593284675625723	-126.28222884008689	47.8305925069699	-1848.334228515625
0.1468119602909335	-126.2814274035663	47.83095381031934	-1865.093017578125
0.14769107382560973	-126.28062596704571	47.831315113668786	-1879.454833984375
0.148570187360286	-126.27982453052512	47.83167641701824	-1885.61572265625
0.14944930089496222	-126.27902309400454	47.83203772036768	-1890.4166259765625
0.15032841442963848	-126.27822165748395	47.83239902371712	-1891.7093505859375
0.15120752796431472	-126.27742022096336	47.832760327066566	-1891.0396728515625
0.15208664149899098	-126.27661878444277	47.83312163041602	-1890.095947265625
0.15296575503366722	-126.27581734792219	47.83348293376546	-1890.007568359375
0.15384486856834348	-126.2750159114016	47.8338442371149	-1890.635009765625
0.1547239821030197	-126.27421447488102	47.834205540464346	-1892.4407958984375
0.15560309563769598	-126.27341303836043	47.834566843813796	-1890.83251953125
0.1564822091723722	-126.27261160183984	47.83492814716324	-1890.7215576171875
0.15736132270704847	-126.27181016531925	47.83528945051268	-1888.5081787109375
0.1582404362417247	-126.27100872879866	47.835650753862126	-1887.1844482421875
0.15911954977640097	-126.27020729227807	47.836012057211576	-1884.988037109375
0.1599986633110772	-126.2694058557575	47.83637336056102	-1883.280029296875
0.16087777684575347	-126.26860441923691	47.83673466391046	-1880.07373046875
0.1617568903804297	-126.26780298271632	47.837095967259906	-1878.652587890625
0.16263600391510596	-126.26700154619573	47.837457270609356	-1876.0245361328125
0.1635151174497822	-126.26620010967514	47.8378185739588	-1874.38232421875
0.16439423098445846	-126.26539867315455	47.83817987730824	-1871.31494140625
0.1652733445191347	-126.26459723663397	47.83854118065769	-1863.1629638671875
0.16615245805381096	-126.26379580011339	47.838902484007136	-1856.805419921875
0.1670315715884872	-126.2629943635928	47.83926378735658	-1844.6558837890625
0.16791068512316346	-126.2621929270722	47.83962509070602	-1836.6566162109375
0.1687897986578397	-126.26139149055162	47.83998639405547	-1824.010498046875
0.16966891219251595	-126.26059005403103	47.840347697404916	-1817.4346923828125
0.1705480257271922	-126.25978861751045	47.84070900075436	-1807.787353515625
0.17142713926186845	-126.25898718098986	47.8410703041038	-1802.430908203125
0.17230625279654468	-126.25818574446927	47.84143160745325	-1794.760498046875
0.17318536633122095	-126.25738430794868	47.841792910802695	-1790.6666259765625
0.17406447986589718	-126.2565828714281	47.84215421415214	-1785.4716796875
0.17494359340057344	-126.2557814349075	47.84251551750158	-1782.308837890625
0.17582270693524968	-126.25497999838693	47.84287682085103	-1779.6021728515625
0.17670182046992594	-126.25417856186634	47.843238124200475	-1776.08349609375
0.17758093400460218	-126.25337712534575	47.84359942754992	-1774.61865234375
0.17846004753927844	-126.25257568882516	47.84396073089936	-1773.0302734375
0.17933916107395467	-126.25177425230457	47.84432203424881	-1771.8450927734375
0.18021827460863094	-126.25097281578398	47.844683337598255	-1770.4329833984375
0.18109738814330717	-126.2501713792634	47.8450446409477	-1770.0557861328125
0.18197650167798343	-126.24936994274282	47.84540594429714	-1769.0897216796875
0.18285561521265967	-126.24856850622223	47.84576724764659	-1768.9805908203125
0.18373472874733593	-126.24776706970164	47.846128550996035	-1769.091552734375
0.18461384228201216	-126.24696563318105	47.84648985434548	-1769.0
0.18549295581668843	-126.24616419666046	47.84685115769492	-1769.0084228515625
0.18637206935136466	-126.24536276013988	47.84721246104437	-1769.0048828125
0.18725118288604092	-126.2445613236193	47.847573764393815	-1768.9217529296875
0.18813029642071716	-126.2437598870987	47.84793506774326	-1770.7313232421875
0.18900940995539342	-126.24295845057812	47.8482963710927	-1772.1668701171875
0.18988852349006966	-126.24215701405753	47.84865767444215	-1774.8272705078125
0.19076763702474592	-126.24135557753694	47.849018977791594	-1776.7015380859375
0.19164675055942215	-126.24055414101636	47.84938028114104	-1779.0543212890625
0.19252586409409841	-126.23975270449577	47.84974158449049	-1779.6298828125
0.19340497762877465	-126.23895126797518	47.85010288783993	-1781.6290283203125
0.1942840911634509	-126.23814983145459	47.850464191189374	-1783.3421630859375
0.19516320469812715	-126.237348394934	47.85082549453882	-1788.0648193359375
0.1960423182328034	-126.23654695841341	47.85118679788827	-1792.14111328125
0.19692143176747964	-126.23574552189284	47.85154810123771	-1796.86962890625
0.1978005453021559	-126.23494408537225	47.851909404587154	-1806.0355224609375
0.19867965883683214	-126.23414264885166	47.8522707079366	-1810.0946044921875
0.1995587723715084	-126.23334121233107	47.85263201128605	-1813.887939453125
0.20043788590618464	-126.23253977581048	47.85299331463549	-1815.58935546875
0.2013169994408609	-126.23173833928989	47.853354617984934	-1815.689453125
0.20219611297553713	-126.23093690276932	47.85371592133438	-1816.6231689453125
0.2030752265102134	-126.23013546624873	47.85407722468383	-1817.729248046875
0.20395434004488963	-126.22933402972814	47.85443852803327	-1818.7376708984375
0.2048334535795659	-126.22853259320755	47.854799831382714	-1818.2874755859375
0.20571256711424213	-126.22773115668696	47.85516113473216	-1817.8614501953125
0.2065916806489184	-126.22692972016637	47.85552243808161	-1816.1883544921875
0.20747079418359463	-126.22612828364579	47.85588374143105	-1815.7130126953125
0.2083499077182709	-126.2253268471252	47.85624504478049	-1815.6912841796875
0.20922902125294712	-126.22452541060461	47.85660634812994	-1814.12060546875
0.21010813478762339	-126.22372397408402	47.85696765147939	-1813.8167724609375
0.21098724832229962	-126.22292253756343	47.85732895482883	-1811.5618896484375
0.21186636185697588	-126.22212110104284	47.85769025817827	-1810.134033203125
0.21274547539165212	-126.22131966452227	47.858051561527716	-1806.525634765625
0.21362458892632838	-126.22051822800168	47.85841286487717	-1805.3302001953125
0.21450370246100461	-126.21971679148109	47.85877416822661	-1801.8245849609375
0.21538281599568088	-126.2189153549605	47.85913547157605	-1799.971923828125
0.2162619295303571	-126.21811391843991	47.859496774925496	-1796.586181640625
0.21714104306503337	-126.21731248191932	47.85985807827495	-1794.425048828125
0.2180201565997096	-126.21651104539875	47.86021938162439	-1791.7957763671875
0.21889927013438587	-126.21570960887816	47.86058068497383	-1788.1524658203125
0.2197783836690621	-126.21490817235757	47.860941988323276	-1785.567138671875
0.22065749720373837	-126.21410673583698	47.861303291672726	-1782.8013916015625
0.2215366107384146	-126.21330529931639	47.86166459502217	-1780.19384765625
0.22241572427309086	-126.21250386279581	47.86202589837161	-1777.8507080078125
0.2232948378077671	-126.21170242627522	47.86238720172106	-1775.859619140625
0.22417395134244336	-126.21090098975463	47.862748505070506	-1773.49072265625
0.2250530648771196	-126.21009955323404	47.86310980841995	-1769.7652587890625
0.22593217841179583	-126.20929811671346	47.86347111176939	-1762.0709228515625
0.2268112919464721	-126.20849668019287	47.86383241511884	-1750.9921875
0.22769040548114833	-126.20769524367229	47.864193718468286	-1726.40966796875
0.2285695190158246	-126.2068938071517	47.86455502181773	-1706.8597412109375
0.22944863255050083	-126.20609237063111	47.86491632516717	-1685.7431640625
0.2303277460851771	-126.20529093411052	47.86527762851662	-1651.1121826171875
0.23120685961985332	-126.20448949758993	47.865638931866066	-1630.55615234375
0.23208597315452958	-126.20368806106934	47.86600023521551	-1599.0556640625
0.23296508668920582	-126.20288662454877	47.86636153856495	-1581.7088623046875
0.23384420022388208	-126.20208518802818	47.8667228419144	-1559.80126953125
0.23472331375855832	-126.20128375150759	47.867084145263846	-1549.91162109375
0.23560242729323458	-126.200482314987	47.86744544861329	-1539.66357421875
0.2364815408279108	-126.19968087846641	47.86780675196273	-1536.9752197265625
0.23736065436258708	-126.19887944194582	47.86816805531218	-1537.20751953125
0.2382397678972633	-126.19807800542524	47.868529358661625	-1540.0587158203125
0.23911888143193957	-126.19727656890466	47.86889066201107	-1544.5732421875
0.2399979949666158	-126.19647513238407	47.86925196536051	-1552.7850341796875
0.24087710850129207	-126.19567369586348	47.86961326870996	-1559.6090087890625
0.2417562220359683	-126.19487225934289	47.869974572059405	-1572.4295654296875
0.24263533557064457	-126.1940708228223	47.87033587540885	-1585.158447265625
0.2435144491053208	-126.19326938630172	47.87069717875829	-1607.8695068359375
0.24439356263999706	-126.19246794978113	47.87105848210774	-1616.3480224609375
0.2452726761746733	-126.19166651326054	47.871419785457185	-1645.8392333984375
0.24615178970934956	-126.19086507673995	47.87178108880663	-1663.9981689453125
0.2470309032440258	-126.19006364021936	47.87214239215607	-1682.6129150390625
0.24791001677870206	-126.18926220369877	47.87250369550552	-1692.513427734375
0.2487891303133783	-126.1884607671782	47.872864998854965	-1705.69384765625
0.24966824384805456	-126.18765933065761	47.87322630220441	-1716.074951171875
0.2505473573827308	-126.18685789413702	47.87358760555386	-1727.083251953125
0.25142647091740705	-126.18605645761643	47.8739489089033	-1738.3043212890625
0.2523055844520833	-126.18525502109584	47.874310212252745	-1745.8878173828125
0.2531846979867595	-126.18445358457525	47.87467151560219	-1750.437255859375
0.2540638115214358	-126.18365214805468	47.87503281895164	-1755.174072265625
0.25494292505611205	-126.18285071153409	47.87539412230108	-1756.4029541015625
0.2558220385907883	-126.1820492750135	47.875755425650524	-1756.48681640625
0.2567011521254645	-126.18124783849291	47.87611672899997	-1755.2822265625
0.2575802656601408	-126.18044640197232	47.87647803234942	-1754.678955078125
0.25845937919481704	-126.17964496545173	47.87683933569886	-1754.1944580078125
0.2593384927294933	-126.17884352893115	47.877200639048304	-1754.8626708984375
0.2602176062641695	-126.17804209241056	47.87756194239775	-1753.9478759765625
0.2610967197988458	-126.17724065588997	47.8779232457472	-1750.6590576171875
0.26197583333352203	-126.17643921936939	47.87828454909664	-1749.127197265625
0.26285494686819827	-126.1756377828488	47.878645852446084	-1748.79150390625
0.2637340604028745	-126.1748363463282	47.87900715579553	-1748.5574951171875
0.2646131739375508	-126.17403490980763	47.87936845914498	-1748.2816162109375
0.26549228747222703	-126.17323347328704	47.87972976249442	-1748.3712158203125
0.26637140100690326	-126.17243203676645	47.880091065843864	-1750.5606689453125
0.2672505145415795	-126.17163060024586	47.88045236919331	-1751.096923828125
0.2681296280762558	-126.17082916372527	47.88081367254276	-1751.062255859375
0.269008741610932	-126.17002772720468	47.8811749758922	-1750.99609375
0.26988785514560826	-126.16922629068411	47.881536279241644	-1750.0
0.2707669686802845	-126.16842485416352	47.88189758259109	-1749.95263671875
0.2716460822149608	-126.16762341764293	47.88225888594054	-1750.066650390625
0.272525195749637	-126.16682198112234	47.88262018928998	-1749.78515625
0.27340430928431325	-126.16602054460175	47.88298149263942	-1749.327392578125
0.2742834228189895	-126.16521910808116	47.88334279598887	-1748.3291015625
0.2751625363536658	-126.16441767156059	47.88370409933832	-1747.1973876953125
0.276041649888342	-126.16361623504	47.88406540268776	-1744.9342041015625
0.27692076342301825	-126.1628147985194	47.8844267060372	-1743.9813232421875
0.2777998769576945	-126.16201336199882	47.884788009386654	-1741.9351806640625
0.27867899049237077	-126.16121192547823	47.8851493127361	-1740.99267578125
0.279558104027047	-126.16041048895764	47.88551061608554	-1739.89208984375
0.28043721756172324	-126.15960905243706	47.88587191943498	-1738.5596923828125
0.2813163310963995	-126.15880761591647	47.88623322278443	-1736.357421875
0.28219544463107576	-126.15800617939588	47.88659452613388	-1732.8677978515625
0.283074558165752	-126.1572047428753	47.88695582948332	-1729.30615234375
0.28395367170042823	-126.1564033063547	47.88731713283276	-1708.502197265625
0.28483278523510447	-126.15560186983411	47.88767843618221	-1703.7296142578125
0.28571189876978076	-126.15480043331354	47.888039739531656	-1703.3966064453125
0.286591012304457	-126.15399899679295	47.8884010428811	-1704.5504150390625
0.28747012583913323	-126.15319756027236	47.88876234623054	-1704.3582763671875
0.28834923937380946	-126.15239612375177	47.88912364957999	-1700.05224609375
0.28922835290848575	-126.15159468723118	47.889484952929436	-1702.734130859375
0.290107466443162	-126.15079325071059	47.88984625627888	-1703.80810546875
0.2909865799778382	-126.14999181419002	47.89020755962832	-1694.94580078125
0.29186569351251446	-126.14919037766943	47.89056886297777	-1696.6834716796875
0.29274480704719075	-126.14838894114884	47.890930166327216	-1702.024169921875
0.293623920581867	-126.14758750462825	47.89129146967666	-1714.509521484375
0.2945030341165432	-126.14678606810766	47.8916527730261	-1721.885009765625
0.29538214765121945	-126.14598463158707	47.89201407637555	-1731.0855712890625
0.29626126118589574	-126.1451831950665	47.892375379724996	-1737.6282958984375
0.297140374720572	-126.1443817585459	47.89273668307444	-1779.931884765625
0.2980194882552482	-126.14358032202531	47.89309798642388	-1805.4119873046875
0.29889860178992445	-126.14277888550473	47.89345928977333	-1816.2816162109375
0.29977771532460074	-126.14197744898414	47.893820593122776	-1817.0513916015625
0.30065682885927697	-126.14117601246355	47.89418189647222	-1815.580810546875
0.3015359423939532	-126.14037457594297	47.89454319982166	-1813.8277587890625
0.30241505592862944	-126.13957313942238	47.89490450317111	-1815.4151611328125
0.30329416946330573	-126.13877170290179	47.895265806520555	-1816.4130859375
0.30417328299798196	-126.1379702663812	47.89562710987	-1818.0712890625
0.3050523965326582	-126.13716882986061	47.89598841321945	-1817.9505615234375
0.30593151006733443	-126.13636739334002	47.89634971656889	-1818.33544921875
0.3068106236020107	-126.13556595681945	47.896711019918335	-1819.405029296875
0.30768973713668696	-126.13476452029886	47.89707232326778	-1820.3546142578125
0.3085688506713632	-126.13396308377827	47.89743362661723	-1822.401123046875
0.3094479642060394	-126.13316164725768	47.89779492996667	-1822.4227294921875
0.3103270777407157	-126.13236021073709	47.898156233316115	-1821.0474853515625
0.31120619127539195	-126.1315587742165	47.89851753666556	-1822.5826416015625
0.3120853048100682	-126.13075733769593	47.89887884001501	-1823.9276123046875
0.3129644183447444	-126.12995590117534	47.89924014336445	-1823.68115234375
0.3138435318794207	-126.12915446465475	47.899601446713895	-1821.610595703125
0.31472264541409695	-126.12835302813416	47.89996275006334	-1820.8353271484375
0.3156017589487732	-126.12755159161357	47.90032405341279	-1824.0750732421875
0.3164808724834494	-126.12675015509298	47.90068535676223	-1826.3057861328125
0.3173599860181257	-126.1259487185724	47.901046660111675	-1823.2646484375
0.31823909955280194	-126.12514728205181	47.90140796346112	-1822.1341552734375
0.3191182130874782	-126.12434584553122	47.90176926681057	-1828.1759033203125
0.3199973266221544	-126.12354440901063	47.90213057016001	-1827.9954833984375
0.3208764401568307	-126.12274297249004	47.902491873509454	-1828.0321044921875
0.32175555369150693	-126.12194153596946	47.9028531768589	-1827.3934326171875
0.32263466722618317	-126.12114009944888	47.90321448020835	-1821.2935791015625
0.3235137807608594	-126.12033866292829	47.90357578355779	-1827.638671875
0.3243928942955357	-126.1195372264077	47.903937086907234	-1828.023681640625
0.32527200783021193	-126.11873578988711	47.90429839025668	-1827.633056640625
0.32615112136488816	-126.11793435336652	47.90465969360613	-1825.9178466796875
0.3270302348995644	-126.11713291684593	47.90502099695557	-1824.3868408203125
0.3279093484342407	-126.11633148032536	47.905382300305014	-1821.525634765625
0.3287884619689169	-126.11553004380477	47.90574360365446	-1818.6549072265625
0.32966757550359316	-126.11472860728418	47.90610490700391	-1816.0059814453125
0.3305466890382694	-126.11392717076359	47.90646621035335	-1814.0364990234375
0.3314258025729457	-126.113125734243	47.906827513702794	-1810.291259765625
0.3323049161076219	-126.11232429772242	47.907188817052244	-1806.924072265625
0.33318402964229815	-126.11152286120183	47.90755012040169	-1784.0008544921875
0.3340631431769744	-126.11072142468124	47.90791142375113	-1785.1773681640625
0.3349422567116507	-126.10991998816066	47.908272727100574	-1773.95361328125
0.3358213702463269	-126.10911855164007	47.908634030450024	-1769.615234375
0.33670048378100315	-126.10831711511948	47.90899533379947	-1786.470947265625
0.3375795973156794	-126.1075156785989	47.90935663714891	-1778.4132080078125
0.3384587108503556	-126.10671424207831	47.90971794049835	-1764.9969482421875
0.3393378243850319	-126.10591280555772	47.910079243847804	-1760.458740234375
0.34021693791970814	-126.10511136903713	47.91044054719725	-1765.67236328125
0.3410960514543844	-126.10430993251654	47.91080185054669	-1769.517578125
0.3419751649890606	-126.10350849599595	47.91116315389613	-1765.0443115234375
0.3428542785237369	-126.10270705947538	47.911524457245584	-1751.4862060546875
0.34373339205841313	-126.10190562295479	47.91188576059503	-1748.29150390625
0.34461250559308937	-126.1011041864342	47.91224706394447	-1748.867919921875
0.3454916191277656	-126.10030274991361	47.91260836729391	-1756.120849609375
0.3463707326624419	-126.09950131339302	47.91296967064336	-1759.467041015625
0.34724984619711813	-126.09869987687243	47.91333097399281	-1755.3577880859375
0.34812895973179436	-126.09789844035186	47.91369227734225	-1752.855712890625
0.3490080732664706	-126.09709700383127	47.91405358069169	-1745.2958984375
0.3498871868011469	-126.09629556731068	47.91441488404114	-1743.4998779296875
0.3507663003358231	-126.09549413079009	47.914776187390586	-1740.5579833984375
0.35164541387049936	-126.0946926942695	47.91513749074003	-1743.628662109375
0.3525245274051756	-126.09389125774891	47.91549879408947	-1748.3798828125
0.3534036409398519	-126.09308982122833	47.91586009743892	-1745.7222900390625
0.3542827544745281	-126.09228838470774	47.916221400788366	-1735.186279296875
0.35516186800920435	-126.09148694818715	47.91658270413781	-1730.0438232421875
0.3560409815438806	-126.09068551166656	47.91694400748725	-1727.513916015625
0.3569200950785569	-126.08988407514597	47.9173053108367	-1731.0
0.3577992086132331	-126.08908263862538	47.917666614186146	-1729.908203125
0.35867832214790935	-126.08828120210481	47.91802791753559	-1718.1519775390625
0.3595574356825856	-126.08747976558422	47.91838922088504	-1705.83203125
0.36043654921726187	-126.08667832906363	47.91875052423448	-1693.3721923828125
0.3613156627519381	-126.08587689254304	47.919111827583926	-1691.9266357421875
0.36219477628661434	-126.08507545602245	47.91947313093337	-1690.704833984375
0.3630738898212906	-126.08427401950186	47.91983443428282	-1686.9267578125
0.36395300335596686	-126.08347258298129	47.92019573763226	-1684.0
0.3648321168906431	-126.0826711464607	47.920557040981706	-1683.8125
0.36571123042531933	-126.08186970994011	47.92091834433115	-1681.0
0.36659034395999557	-126.08106827341952	47.9212796476806	-1680.0294189453125
0.36746945749467186	-126.08026683689893	47.92164095103004	-1679.10205078125
0.3683485710293481	-126.07946540037834	47.922002254379485	-1672.788330078125
0.3692276845640243	-126.07866396385776	47.92236355772893	-1667.6883544921875
0.37010679809870056	-126.07786252733717	47.92272486107838	-1664.281494140625
0.37098591163337685	-126.07706109081658	47.92308616442782	-1665.515625
0.3718650251680531	-126.076259654296	47.923447467777265	-1669.406982421875
0.3727441387027293	-126.0754582177754	47.92380877112671	-1668.5906982421875
0.37362325223740556	-126.07465678125482	47.92417007447616	-1660.42138671875
0.37450236577208185	-126.07385534473424	47.9245313778256	-1656.8282470703125
0.3753814793067581	-126.07305390821365	47.924892681175045	-1656.09912109375
0.3762605928414343	-126.07225247169306	47.92525398452449	-1652.728759765625
0.37713970637611055	-126.07145103517247	47.92561528787394	-1648.95458984375
0.37801881991078684	-126.07064959865188	47.92597659122338	-1645.92822265625
0.3788979334454631	-126.0698481621313	47.926337894572825	-1645.973876953125
0.3797770469801393	-126.06904672561072	47.92669919792227	-1645.19384765625
0.38065616051481554	-126.06824528909013	47.92706050127172	-1644.192626953125
0.38153527404949183	-126.06744385256954	47.92742180462116	-1644.2882080078125
0.38241438758416807	-126.06664241604895	47.927783107970605	-1643.906494140625
0.3832935011188443	-126.06584097952836	47.92814441132005	-1638.715087890625
0.38417261465352054	-126.06503954300777	47.9285057146695	-1637.9752197265625
0.38505172818819683	-126.0642381064872	47.92886701801894	-1638.71826171875
0.38593084172287306	-126.0634366699666	47.929228321368385	-1638.7906494140625
0.3868099552575493	-126.06263523344602	47.929589624717835	-1638.0
0.38768906879222553	-126.06183379692543	47.92995092806728	-1637.9119873046875
0.3885681823269018	-126.06103236040484	47.93031223141672	-1635.6143798828125
0.38944729586157806	-126.06023092388425	47.930673534766164	-1631.272216796875
0.3903264093962543	-126.05942948736367	47.931034838115615	-1628.252685546875
0.3912055229309305	-126.05862805084308	47.93139614146506	-1626.434326171875
0.3920846364656068	-126.0578266143225	47.9317574448145	-1624.484130859375
0.39296375000028305	-126.0570251778019	47.932118748163944	-1621.7076416015625
0.3938428635349593	-126.05622374128131	47.932480051513394	-1619.5347900390625
0.3947219770696355	-126.05542230476073	47.93284135486284	-1614.6878662109375
0.3956010906043118	-126.05462086824015	47.93320265821228	-1612.95263671875
0.39648020413898805	-126.05381943171956	47.933563961561724	-1611.7818603515625
0.3973593176736643	-126.05301799519897	47.933925264911174	-1609.692138671875
0.3982384312083405	-126.05221655867838	47.93428656826062	-1607.6719970703125
0.3991175447430168	-126.05141512215779	47.93464787161006	-1607.6934814453125
0.39999665827769304	-126.0506136856372	47.935009174959504	-1606.952392578125
0.4008757718123693	-126.04981224911663	47.935370478308954	-1605.7650146484375
0.4017548853470455	-126.04901081259604	47.9357317816584	-1602.6767578125
0.4026339988817218	-126.04820937607545	47.93609308500784	-1603.020751953125
0.40351311241639803	-126.04740793955486	47.936454388357284	-1602.8165283203125
0.40439222595107427	-126.04660650303427	47.936815691706734	-1602.0
0.4052713394857505	-126.04580506651368	47.93717699505618	-1602.0404052734375
0.4061504530204268	-126.0450036299931	47.93753829840562	-1599.7724609375
0.40702956655510303	-126.04420219347251	47.93789960175506	-1597.7537841796875
0.40790868008977926	-126.04340075695193	47.938260905104514	-1596.932373046875
0.4087877936244555	-126.04259932043134	47.93862220845396	-1597.0194091796875
0.4096669071591318	-126.04179788391075	47.9389835118034	-1596.0
0.410546020693808	-126.04099644739016	47.93934481515284	-1596.1927490234375
0.41142513422848426	-126.04019501086958	47.93970611850229	-1596.865478515625
0.4123042477631605	-126.03939357434899	47.94006742185174	-1594.590576171875
0.4131833612978368	-126.0385921378284	47.94042872520118	-1593.8004150390625
0.414062474832513	-126.03779070130781	47.94079002855063	-1592.867919921875
0.41494158836718925	-126.03698926478722	47.94115133190007	-1591.634521484375
0.4158207019018655	-126.03618782826663	47.94151263524952	-1589.337646484375
0.4166998154365418	-126.03538639174606	47.94187393859896	-1587.5548095703125
0.417578928971218	-126.03458495522547	47.94223524194841	-1585.7874755859375
0.41845804250589425	-126.03378351870488	47.94259654529785	-1584.78857421875
0.4193371560405705	-126.03298208218429	47.942957848647296	-1584.7105712890625
0.42021626957524677	-126.0321806456637	47.94331915199674	-1586.64697265625
0.421095383109923	-126.03137920914311	47.94368045534619	-1586.6318359375
0.42197449664459924	-126.03057777262254	47.94404175869563	-1584.520751953125
0.4228536101792755	-126.02977633610195	47.944403062045076	-1581.5711669921875
0.42373272371395176	-126.02897489958136	47.94476436539452	-1578.8704833984375
0.424611837248628	-126.02817346306077	47.94512566874397	-1579.0
0.42549095078330423	-126.02737202654018	47.94548697209341	-1580.8616943359375
0.42637006431798047	-126.02657059001959	47.945848275442856	-1580.814453125
0.42724917785265676	-126.02576915349901	47.9462095787923	-1578.79931640625
0.428128291387333	-126.02496771697842	47.94657088214175	-1576.7843017578125
0.42900740492200923	-126.02416628045783	47.94693218549119	-1575.9520263671875
0.42988651845668546	-126.02336484393724	47.947293488840636	-1576.015625
0.43076563199136175	-126.02256340741665	47.94765479219008	-1576.851318359375
0.431644745526038	-126.02176197089607	47.94801609553953	-1576.8043212890625
0.4325238590607142	-126.02096053437549	47.94837739888897	-1575.805419921875
0.43340297259539046	-126.0201590978549	47.948738702238415	-1574.758544921875
0.43428208613006675	-126.01935766133431	47.94910000558786	-1573.5997314453125
0.435161199664743	-126.01855622481372	47.94946130893731	-1572.7457275390625
0.4360403131994192	-126.01775478829313	47.94982261228675	-1571.7615966796875
0.43691942673409545	-126.01695335177254	47.950183915636195	-1571.7625732421875
0.43779854026877174	-126.01615191525197	47.95054521898564	-1570.622314453125
0.438677653803448	-126.01535047873138	47.95090652233509	-1570.671875
0.4395567673381242	-126.01454904221079	47.95126782568453	-1569.8131103515625
0.44043588087280044	-126.0137476056902	47.951629129033975	-1569.81396484375
0.44131499440747674	-126.01294616916961	47.951990432383425	-1568.801025390625
0.44219410794215297	-126.01214473264903	47.95235173573287	-1567.8157958984375
0.4430732214768292	-126.01134329612844	47.95271303908231	-1564.755615234375
0.44395233501150544	-126.01054185960786	47.953074342431755	-1563.95263671875
0.44483144854618173	-126.00974042308727	47.953435645781205	-1564.87939453125
0.44571056208085796	-126.00893898656668	47.95379694913065	-1563.832763671875
0.4465896756155342	-126.00813755004609	47.95415825248009	-1562.8203125
0.44746878915021043	-126.00733611352551	47.954519555829535	-1561.8814697265625
0.4483479026848867	-126.00653467700492	47.954880859178985	-1560.80908203125
0.44922701621956296	-126.00573324048433	47.95524216252843	-1560.81005859375
0.4501061297542392	-126.00493180396374	47.95560346587787	-1561.7640380859375
0.4509852432889154	-126.00413036744315	47.955964769227315	-1562.8365478515625
0.45186435682359166	-126.00332893092256	47.956326072576765	-1561.8245849609375
0.45274347035826795	-126.00252749440199	47.95668737592621	-1560.8848876953125
0.4536225838929442	-126.0017260578814	47.95704867927565	-1559.8262939453125
0.4545016974276204	-126.00092462136081	47.957409982625094	-1557.88623046875
0.45538081096229666	-126.00012318484022	47.957771285974545	-1557.886962890625
0.45625992449697295	-125.99932174831963	47.95813258932399	-1557.8875732421875
0.4571390380316492	-125.99852031179904	47.95849389267343	-1556.841552734375
0.4580181515663254	-125.99771887527847	47.958855196022874	-1554.830322265625
0.45889726510100165	-125.99691743875788	47.959216499372324	-1553.708740234375
0.45977637863567794	-125.99611600223729	47.95957780272177	-1551.8319091796875
0.4606554921703542	-125.9953145657167	47.95993910607121	-1549.8326416015625
0.4615346057050304	-125.99451312919611	47.960300409420654	-1548.7132568359375
0.46241371923970664	-125.99371169267552	47.960661712770104	-1546.7147216796875
0.46329283277438293	-125.99291025615494	47.96102301611955	-1545.716064453125
0.46417194630905917	-125.99210881963435	47.96138431946899	-1544.835693359375
0.4650510598437354	-125.99130738311376	47.961745622818434	-1543.83642578125
0.46593017337841164	-125.99050594659317	47.962106926167884	-1543.7203369140625
0.46680928691308793	-125.98970451007258	47.96246822951733	-1541.664794921875
0.46768840044776416	-125.988903073552	47.96282953286677	-1538.7818603515625
0.4685675139824404	-125.98810163703142	47.96319083621622	-1537.78271484375
0.46944662751711663	-125.98730020051083	47.963552139565664	-1536.7835693359375
0.4703257410517929	-125.98649876399024	47.96391344291511	-1534.7738037109375
0.47120485458646916	-125.98569732746965	47.96427474626455	-1533.8983154296875
0.4720839681211454	-125.98489589094906	47.964636049614	-1533.8421630859375
0.4729630816558216	-125.98409445442847	47.964997352963444	-1532.8988037109375
0.4738421951904979	-125.9832930179079	47.96535865631289	-1533.721923828125
0.47472130872517415	-125.98249158138731	47.96571995966233	-1532.8338623046875
0.4756004222598504	-125.98169014486672	47.96608126301178	-1531.7894287109375
0.4764795357945266	-125.98088870834613	47.96644256636122	-1531.7359619140625
0.4773586493292029	-125.98008727182554	47.96680386971067	-1530.791015625
0.47823776286387915	-125.97928583530495	47.96716517306011	-1530.856689453125
0.4791168763985554	-125.97848439878437	47.96752647640956	-1530.7396240234375
0.4799959899332316	-125.97768296226378	47.967887779759	-1528.74072265625
0.4808751034679079	-125.9768815257432	47.96824908310845	-1525.8582763671875
0.48175421700258414	-125.9760800892226	47.96861038645789	-1524.7623291015625
0.4826333305372604	-125.97527865270202	47.96897168980734	-1522.593994140625
0.4835124440719366	-125.97447721618143	47.96933299315678	-1519.6466064453125
0.4843915576066129	-125.97367577966085	47.969694296506226	-1518.6512451171875
0.48527067114128913	-125.97287434314026	47.97005559985567	-1517.693603515625
0.48614978467596537	-125.97207290661967	47.97041690320512	-1516.7578125
0.4870288982106416	-125.97127147009908	47.97077820655456	-1515.696044921875
0.4879080117453179	-125.9704700335785	47.971139509904006	-1514.8089599609375
0.48878712527999413	-125.9696685970579	47.97150081325345	-1514.8004150390625
0.48966623881467036	-125.96886716053733	47.9718621166029	-1515.8634033203125
0.4905453523493466	-125.96806572401674	47.97222341995234	-1518.8638916015625
0.4914244658840229	-125.96726428749615	47.972584723301786	-1518.7017822265625
0.4923035794186991	-125.96646285097556	47.97294602665123	-1519.81201171875
0.49318269295337536	-125.96566141445497	47.97330733000068	-1519.8125
0.4940618064880516	-125.96485997793438	47.97366863335012	-1520.757568359375
0.4949409200227279	-125.9640585414138	47.974029936699566	-1520.857421875
0.4958200335574041	-125.96325710489322	47.974391240049016	-1519.85791015625
0.49669914709208035	-125.96245566837263	47.97475254339846	-1518.8583984375
0.4975782606267566	-125.96165423185204	47.9751138467479	-1517.95654296875
0.4984573741614329	-125.96085279533145	47.975475150097346	-1515.8677978515625
0.4993364876961091	-125.96005135881086	47.975836453446796	-1511.81640625
0.5002156012307853	-125.95924992229028	47.97619775679624	-1505.905029296875
0.5010947147654616	-125.9584484857697	47.97655906014568	-1503.8607177734375
0.5019738283001378	-125.9576470492491	47.976920363495125	-1499.861083984375
0.5028529418348141	-125.95684561272851	47.977281666844576	-1498.765380859375
0.5037320553694904	-125.95604417620793	47.97764297019402	-1496.7662353515625
0.5046111689041666	-125.95524273968734	47.97800427354346	-1493.7156982421875
0.5054902824388429	-125.95444130316676	47.978365576892905	-1491.767822265625
0.506369395973519	-125.95363986664617	47.978726880242355	-1488.81982421875
0.5072485095081953	-125.95283843012558	47.9790881835918	-1487.769287109375
0.5081276230428716	-125.95203699360499	47.97944948694124	-1485.812744140625
0.5090067365775478	-125.9512355570844	47.979810790290685	-1484.8211669921875
0.5098858501122241	-125.95043412056381	47.980172093640135	-1484.728759765625
0.5107649636469004	-125.94963268404324	47.98053339698958	-1482.7294921875
0.5116440771815766	-125.94883124752265	47.98089470033902	-1482.730224609375
0.5125231907162529	-125.94802981100206	47.981256003688465	-1482.6390380859375
0.513402304250929	-125.94722837448147	47.981617307037915	-1482.731689453125
0.5142814177856053	-125.94642693796088	47.98197861038736	-1481.732421875
0.5151605313202816	-125.94562550144029	47.9823399137368	-1480.783203125
0.5160396448549578	-125.94482406491971	47.982701217086245	-1479.7838134765625
0.5169187583896341	-125.94402262839913	47.983062520435695	-1477.7767333984375
0.5177978719243104	-125.94322119187854	47.98342382378514	-1474.7772216796875
0.5186769854589866	-125.94241975535795	47.98378512713458	-1470.818115234375
0.5195560989936628	-125.94161831883736	47.984146430484024	-1465.8184814453125
0.520435212528339	-125.94081688231677	47.984507733833475	-1462.8609619140625
0.5213143260630153	-125.94001544579619	47.98486903718292	-1460.876220703125
0.5221934395976916	-125.9392140092756	47.98523034053236	-1457.738037109375
0.5230725531323678	-125.93841257275501	47.98559164388181	-1450.738525390625
0.5239516666670441	-125.93761113623442	47.985952947231254	-1446.8695068359375
0.5248307802017204	-125.93680969971383	47.9863142505807	-1449.0
0.5257098937363965	-125.93600826319324	47.98667555393014	-1452.0
0.5265890072710728	-125.93520682667267	47.98703685727959	-1454.950927734375
0.527468120805749	-125.93440539015208	47.987398160629034	-1463.958251953125
0.5283472343404253	-125.93360395363149	47.98775946397848	-1470.839599609375
0.5292263478751016	-125.9328025171109	47.98812076732792	-1484.7181396484375
0.5301054614097778	-125.93200108059031	47.98848207067737	-1487.66259765625
0.5309845749444541	-125.93119964406972	47.988843374026814	-1491.8714599609375
0.5318636884791303	-125.93039820754915	47.98920467737626	-1491.8717041015625
0.5327428020138065	-125.92959677102856	47.9895659807257	-1490.86474609375
0.5336219155484828	-125.92879533450797	47.98992728407515	-1489.9512939453125
0.534501029083159	-125.92799389798738	47.990288587424594	-1490.9136962890625
0.5353801426178353	-125.92719246146679	47.99064989077404	-1490.9210205078125
0.5362592561525116	-125.9263910249462	47.99101119412348	-1489.865478515625
0.5371383696871878	-125.92558958842562	47.99137249747293	-1489.872802734375
0.538017483221864	-125.92478815190503	47.991733800822374	-1489.92138671875
0.5388965967565403	-125.92398671538444	47.99209510417182	-1488.873046875
0.5397757102912165	-125.92318527886385	47.99245640752126	-1488.9215087890625
0.5406548238258928	-125.92238384234327	47.99281771087071	-1487.88037109375
0.541533937360569	-125.92158240582268	47.99317901422015	-1484.6986083984375
0.5424130508952453	-125.9207809693021	47.9935403175696	-1478.69189453125
0.5432921644299216	-125.91997953278151	47.99390162091904	-1475.825439453125
0.5441712779645977	-125.91917809626092	47.99426292426849	-1472.788818359375
0.545050391499274	-125.91837665974033	47.99462422761793	-1469.747802734375
0.5459295050339503	-125.91757522321974	47.99498553096738	-1466.6632080078125
0.5468086185686265	-125.91677378669915	47.99534683431682	-1464.6634521484375
0.5476877321033028	-125.91597235017858	47.99570813766627	-1462.6156005859375
0.548566845637979	-125.91517091365799	47.99606944101571	-1462.707275390625
0.5494459591726553	-125.9143694771374	47.996430744365156	-1461.74853515625
0.5503250727073316	-125.91356804061681	47.99679204771461	-1461.789794921875
0.5512041862420077	-125.91276660409622	47.99715335106405	-1460.748779296875
0.552083299776684	-125.91196516757563	47.99751465441349	-1458.826416015625
0.5529624133113603	-125.91116373105505	47.997875957762936	-1457.8675537109375
0.5538415268460365	-125.91036229453447	47.998237261112386	-1457.251953125
0.5547206403807128	-125.90956085801388	47.99859856446183	-1447.24951171875
0.555599753915389	-125.90875942149329	47.99895986781127	-1443.6595458984375
0.5564788674500653	-125.9079579849727	47.999321171160716	-1440.515625
0.5573579809847415	-125.90715654845212	47.999682474510166	-1437.68603515625
0.5582370945194177	-125.90635511193153	48.00004377785961	-1432.6201171875
0.559116208054094	-125.90555367541094	48.00040508120905	-1428.0654296875
0.5599953215887703	-125.90475223889035	48.000766384558496	-1422.1400146484375
0.5608744351234465	-125.90395080236976	48.001127687907946	-1417.560791015625
0.5617535486581228	-125.90314936584917	48.00148899125739	-1412.5584716796875
0.562632662192799	-125.9023479293286	48.00185029460683	-1408.3646240234375
0.5635117757274752	-125.90154649280801	48.002211597956276	-1403.10498046875
0.5643908892621515	-125.90074505628742	48.002572901305726	-1398.3927001953125
0.5652700027968277	-125.89994361976683	48.00293420465517	-1393.4931640625
0.566149116331504	-125.89914218324624	48.00329550800461	-1389.0440673828125
0.5670282298661802	-125.89834074672565	48.003656811354055	-1383.0953369140625
0.5679073434008565	-125.89753931020508	48.004018114703506	-1376.26025390625
0.5687864569355328	-125.89673787368449	48.00437941805295	-1368.6197509765625
0.5696655704702089	-125.8959364371639	48.00474072140239	-1360.376708984375
0.5705446840048852	-125.89513500064331	48.005102024751835	-1354.7457275390625
0.5714237975395615	-125.89433356412272	48.005463328101285	-1345.4356689453125
0.5723029110742377	-125.89353212760213	48.00582463145073	-1337.5333251953125
0.573182024608914	-125.89273069108155	48.00618593480017	-1321.70849609375
0.5740611381435902	-125.89192925456096	48.006547238149615	-1311.01025390625
0.5749402516782665	-125.89112781804037	48.006908541499065	-1292.682861328125
0.5758193652129427	-125.89032638151978	48.00726984484851	-1282.2396240234375
0.5766984787476189	-125.8895249449992	48.00763114819795	-1263.76220703125
0.5775775922822952	-125.8887235084786	48.0079924515474	-1253.439697265625
0.5784567058169715	-125.88792207195803	48.008353754896845	-1242.4266357421875
0.5793358193516477	-125.88712063543744	48.00871505824629	-1222.847412109375
0.580214932886324	-125.88631919891685	48.00907636159573	-1212.644287109375
0.5810940464210002	-125.88551776239626	48.00943766494518	-1193.5533447265625
0.5819731599556764	-125.88471632587567	48.009798968294625	-1183.221923828125
0.5828522734903527	-125.88391488935508	48.01016027164407	-1167.726318359375
0.5837313870250289	-125.88311345283451	48.01052157499351	-1160.8173828125
0.5846105005597052	-125.88231201631392	48.01088287834296	-1146.5557861328125
0.5854896140943815	-125.88151057979333	48.011244181692405	-1138.455078125
0.5863687276290577	-125.88070914327274	48.01160548504185	-1123.4481201171875
0.587247841163734	-125.87990770675215	48.01196678839129	-1115.8048095703125
0.5881269546984101	-125.87910627023156	48.01232809174074	-1103.4915771484375
0.5890060682330864	-125.87830483371098	48.012689395090185	-1095.686279296875
0.5898851817677627	-125.8775033971904	48.01305069843963	-1087.8660888671875
0.5907642953024389	-125.8767019606698	48.01341200178907	-1075.6361083984375
0.5916434088371152	-125.87590052414922	48.01377330513852	-1068.2357177734375
0.5925225223717915	-125.87509908762863	48.014134608487964	-1051.447998046875
0.5934016359064677	-125.87429765110804	48.01449591183741	-992.55322265625
0.594280749441144	-125.87349621458746	48.01485721518685	-1033.3433837890625
0.5951598629758201	-125.87269477806687	48.0152185185363	-1025.6387939453125
0.5960389765104964	-125.87189334154628	48.015579821885744	-1023.20751953125
0.5969180900451727	-125.8710919050257	48.01594112523519	-1016.1500854492188
0.5977972035798489	-125.8702904685051	48.01630242858463	-1036.322021484375
0.5986763171145252	-125.86948903198451	48.01666373193408	-1029.69091796875
0.5995554306492015	-125.86868759546394	48.017025035283524	-1039.4857177734375
0.6004345441838776	-125.86788615894335	48.01738633863297	-1051.395263671875
0.6013136577185539	-125.86708472242276	48.01774764198241	-1059.9825439453125
0.6021927712532301	-125.86628328590217	48.01810894533186	-1076.7027587890625
0.6030718847879064	-125.86548184938158	48.018470248681304	-1087.6507568359375
0.6039509983225827	-125.86468041286099	48.01883155203075	-1106.048583984375
0.6048301118572589	-125.86387897634042	48.0191928553802	-1117.14453125
0.6057092253919352	-125.86307753981983	48.01955415872964	-1129.6580810546875
0.6065883389266115	-125.86227610329924	48.019915462079084	-1140.365234375
0.6074674524612876	-125.86147466677865	48.02027676542853	-1156.406494140625
0.6083465659959639	-125.86067323025806	48.02063806877798	-1164.4014892578125
0.6092256795306401	-125.85987179373747	48.02099937212742	-1174.2635498046875
0.6101047930653164	-125.8590703572169	48.02136067547686	-1175.58447265625
0.6109839065999927	-125.8582689206963	48.02172197882631	-1173.42626953125
0.6118630201346689	-125.85746748417571	48.02208328217576	-1168.6151123046875
0.6127421336693452	-125.85666604765512	48.0224445855252	-1163.363037109375
0.6136212472040214	-125.85586461113454	48.02280588887464	-1156.8082275390625
0.6145003607386976	-125.85506317461395	48.023167192224086	-1150.552978515625
0.6153794742733739	-125.85426173809337	48.02352849557354	-1136.6434326171875
0.6162585878080501	-125.85346030157278	48.02388979892298	-1124.485107421875
0.6171377013427264	-125.85265886505219	48.02425110227242	-1103.7657470703125
0.6180168148774027	-125.8518574285316	48.024612405621866	-1093.1580810546875
0.6188959284120789	-125.85105599201101	48.02497370897132	-1075.83642578125
0.6197750419467551	-125.85025455549042	48.02533501232076	-1071.83642578125
0.6206541554814314	-125.84945311896985	48.0256963156702	-1068.0784912109375
0.6215332690161076	-125.84865168244926	48.026057619019646	-1045.8104248046875
0.6224123825507839	-125.84785024592867	48.026418922369096	-997.5625610351562
0.6232914960854601	-125.84704880940808	48.02678022571854	-955.6754760742188
0.6241706096201364	-125.84624737288749	48.02714152906798	-943.4938354492188
0.6250497231548127	-125.8454459363669	48.027502832417426	-931.6673583984375
0.6259288366894888	-125.84464449984632	48.027864135766876	-930.018310546875
0.6268079502241651	-125.84384306332574	48.02822543911632	-916.0626831054688
0.6276870637588414	-125.84304162680515	48.02858674246576	-911.2196044921875
0.6285661772935176	-125.84224019028456	48.028948045815206	-896.2017822265625
0.6294452908281939	-125.84143875376397	48.029309349164656	-887.3919677734375
0.6303244043628701	-125.84063731724338	48.0296706525141	-874.4982299804688
0.6312035178975464	-125.8398358807228	48.03003195586354	-871.3952026367188
0.6320826314322227	-125.83903444420221	48.03039325921299	-868.310302734375
0.6329617449668988	-125.83823300768162	48.030754562562436	-855.9552612304688
0.6338408585015751	-125.83743157116103	48.03111586591188	-850.7514038085938
0.6347199720362514	-125.83663013464044	48.03147716926132	-839.5336303710938
0.6355990855709276	-125.83582869811985	48.03183847261077	-839.4337158203125
0.6364781991056039	-125.83502726159928	48.032199775960216	-844.3762817382812
0.6373573126402801	-125.83422582507869	48.03256107930966	-846.7570190429688
0.6382364261749564	-125.8334243885581	48.0329223826591	-856.6464233398438
0.6391155397096326	-125.83262295203751	48.03328368600855	-856.7096557617188
0.6399946532443088	-125.83182151551692	48.033644989357995	-861.6187744140625
0.6408737667789851	-125.83102007899633	48.03400629270744	-860.1817016601562
0.6417528803136614	-125.83021864247576	48.03436759605688	-856.9544067382812
0.6426319938483376	-125.82941720595517	48.03472889940633	-856.3323974609375
0.6435111073830139	-125.82861576943458	48.035090202755775	-853.50927734375
0.64439022091769	-125.82781433291399	48.03545150610522	-847.76953125
0.6452693344523663	-125.8270128963934	48.03581280945466	-842.6433715820312
0.6461484479870426	-125.82621145987281	48.03617411280411	-834.7825927734375
0.6470275615217188	-125.82541002335223	48.036535416153555	-834.9432373046875
0.6479066750563951	-125.82460858683164	48.036896719503	-842.8487548828125
0.6487857885910714	-125.82380715031105	48.03725802285244	-842.616943359375
0.6496649021257476	-125.82300571379047	48.03761932620189	-842.8363037109375
0.6505440156604239	-125.82220427726988	48.037980629551335	-842.728515625
0.6514231291951	-125.82140284074929	48.03834193290078	-839.4081420898438
0.6523022427297763	-125.82060140422871	48.03870323625022	-836.359130859375
0.6531813562644526	-125.81979996770812	48.03906453959967	-834.23583984375
0.6540604697991288	-125.81899853118753	48.039425842949115	-831.290283203125
0.6549395833338051	-125.81819709466694	48.03978714629856	-824.1185302734375
0.6558186968684814	-125.81739565814635	48.040148449648	-809.3118896484375
0.6566978104031576	-125.81659422162576	48.04050975299745	-805.50244140625
0.6575769239378338	-125.81579278510519	48.040871056346894	-803.4439086914062
0.65845603747251	-125.8149913485846	48.04123235969634	-798.4759521484375
0.6593351510071863	-125.81418991206401	48.04159366304579	-790.5911865234375
0.6602142645418626	-125.81338847554342	48.04195496639523	-784.7144775390625
0.6610933780765388	-125.81258703902283	48.042316269744674	-778.0247802734375
0.6619724916112151	-125.81178560250225	48.04267757309412	-775.8978881835938
0.6628516051458914	-125.81098416598167	48.04303887644357	-772.884765625
0.6637307186805675	-125.81018272946108	48.04340017979301	-766.128662109375
0.6646098322152438	-125.80938129294049	48.043761483142454	-764.0128173828125
0.66548894574992	-125.8085798564199	48.0441227864919	-757.8226928710938
0.6663680592845963	-125.80777841989931	48.04448408984135	-756.7168579101562
0.6672471728192726	-125.80697698337873	48.04484539319079	-757.0333251953125
0.6681262863539488	-125.80617554685814	48.045206696540234	-752.98681640625
0.6690053998886251	-125.80537411033755	48.04556799988968	-758.7171630859375
0.6698845134233014	-125.80457267381696	48.04592930323913	-763.3760986328125
0.6707636269579775	-125.80377123729637	48.04629060658857	-773.5618286132812
0.6716427404926538	-125.80296980077578	48.046651909938014	-781.197265625
0.67252185402733	-125.80216836425521	48.04701321328746	-788.6925048828125
0.6734009675620063	-125.80136692773462	48.04737451663691	-790.6908569335938
0.6742800810966826	-125.80056549121403	48.04773581998635	-793.4746704101562
0.6751591946313588	-125.79976405469344	48.04809712333579	-799.90966796875
0.676038308166035	-125.79896261817285	48.04845842668524	-804.3142700195312
0.6769174217007112	-125.79816118165226	48.04881973003469	-812.9207763671875
0.6777965352353875	-125.79735974513169	48.04918103338413	-813.8607177734375
0.6786756487700638	-125.7965583086111	48.04954233673357	-820.3342895507812
0.67955476230474	-125.79575687209051	48.049903640083016	-827.26953125
0.6804338758394163	-125.79495543556992	48.05026494343247	-840.1406860351562
0.6813129893740926	-125.79415399904933	48.05062624678191	-842.8060302734375
0.6821921029087687	-125.79335256252874	48.05098755013135	-843.8050537109375
0.683071216443445	-125.79255112600816	48.051348853480796	-843.9520874023438
0.6839503299781212	-125.79174968948757	48.05171015683025	-844.818603515625
0.6848294435127975	-125.79094825296698	48.05207146017969	-843.8177490234375
0.6857085570474738	-125.7901468164464	48.05243276352913	-842.801025390625
0.68658767058215	-125.7893453799258	48.052794066878576	-842.6480102539062
0.6874667841168263	-125.78854394340522	48.053155370228026	-840.662109375
0.6883458976515026	-125.78774250688464	48.05351667357747	-837.5958251953125
0.6892250111861787	-125.78694107036405	48.05387797692691	-834.59375
0.690104124720855	-125.78613963384346	48.05423928027636	-832.4354858398438
0.6909832382555312	-125.78533819732287	48.054600583625806	-829.3674926757812
0.6918623517902075	-125.78453676080228	48.05496188697525	-822.3641357421875
0.6927414653248838	-125.7837353242817	48.05532319032469	-813.3607788085938
0.69362057885956	-125.78293388776112	48.05568449367414	-803.5830078125
0.6944996923942363	-125.78213245124053	48.056045797023586	-806.8864135742188
0.6953788059289125	-125.78133101471994	48.05640710037303	-814.644287109375
0.6962579194635887	-125.78052957819935	48.05676840372247	-825.7047729492188
0.697137032998265	-125.77972814167876	48.05712970707192	-830.787109375
0.6980161465329412	-125.77892670515817	48.057491010421366	-830.3399658203125
0.6988952600676175	-125.7781252686376	48.05785231377081	-827.4852905273438
0.6997743736022938	-125.777323832117	48.05821361712025	-827.6338500976562
0.70065348713697	-125.77652239559642	48.0585749204697	-825.4985961914062
0.7015326006716462	-125.77572095907583	48.058936223819146	-824.5147705078125
0.7024117142063225	-125.77491952255524	48.05929752716859	-821.49365234375
0.7032908277409987	-125.77411808603465	48.05965883051803	-819.4911499023438
0.704169941275675	-125.77331664951407	48.06002013386748	-815.5750732421875
0.7050490548103512	-125.77251521299348	48.060381437216925	-802.0396728515625
0.7059281683450275	-125.7717137764729	48.06074274056637	-798.0152587890625
0.7068072818797038	-125.7709123399523	48.06110404391581	-801.959228515625
0.7076863954143799	-125.77011090343171	48.06146534726526	-812.2333374023438
0.7085655089490562	-125.76930946691112	48.061826650614705	-815.2134399414062
0.7094446224837325	-125.76850803039055	48.06218795396415	-812.9957885742188
0.7103237360184087	-125.76770659386996	48.06254925731359	-814.0628051757812
0.711202849553085	-125.76690515734937	48.06291056066304	-827.3768310546875
0.7120819630877612	-125.76610372082878	48.063271864012485	-826.7260131835938
0.7129610766224375	-125.76530228430819	48.06363316736193	-818.3695068359375
0.7138401901571138	-125.7645008477876	48.06399447071138	-810.0636596679688
0.7147193036917899	-125.76369941126703	48.06435577406082	-805.5845947265625
0.7155984172264662	-125.76289797474644	48.064717077410265	-808.9951782226562
0.7164775307611425	-125.76209653822585	48.06507838075971	-809.3077392578125
0.7173566442958187	-125.76129510170526	48.06543968410916	-810.5433349609375
0.718235757830495	-125.76049366518467	48.0658009874586	-811.1548461914062
0.7191148713651712	-125.75969222866408	48.066162290808045	-811.0802612304688
0.7199939848998475	-125.7588907921435	48.06652359415749	-809.2708129882812
0.7208730984345237	-125.75808935562291	48.06688489750694	-810.3817749023438
0.7217522119691999	-125.75728791910232	48.06724620085638	-808.1327514648438
0.7226313255038762	-125.75648648258174	48.067607504205824	-808.281982421875
0.7235104390385525	-125.75568504606115	48.06796880755527	-806.2782592773438
0.7243895525732287	-125.75488360954056	48.06833011090472	-803.2744750976562
0.725268666107905	-125.75408217301998	48.06869141425416	-799.99609375
0.7261477796425811	-125.75328073649939	48.069052717603604	-795.266845703125
0.7270268931772574	-125.7524792999788	48.06941402095305	-790.1683959960938
0.7279060067119337	-125.75167786345821	48.0697753243025	-785.3949584960938
0.7287851202466099	-125.75087642693762	48.07013662765194	-782.7216186523438
0.7296642337812862	-125.75007499041703	48.070497931001384	-780.2977294921875
0.7305433473159625	-125.74927355389646	48.07085923435083	-776.105712890625
0.7314224608506387	-125.74847211737587	48.07122053770028	-770.9579467773438
0.732301574385315	-125.74767068085528	48.07158184104972	-762.4059448242188
0.7331806879199911	-125.74686924433469	48.071943144399164	-751.7731323242188
0.7340598014546674	-125.7460678078141	48.07230444774861	-744.3158569335938
0.7349389149893437	-125.74526637129351	48.07266575109806	-739.0142822265625
0.7358180285240199	-125.74446493477294	48.0730270544475	-730.5135498046875
0.7366971420586962	-125.74366349825235	48.073388357796944	-721.6245727539062
0.7375762555933725	-125.74286206173176	48.07374966114639	-714.8819580078125
0.7384553691280487	-125.74206062521117	48.07411096449584	-710.96923828125
0.739334482662725	-125.74125918869058	48.07447226784528	-702.0868530273438
0.7402135961974011	-125.74045775216999	48.07483357119472	-691.653564453125
0.7410927097320774	-125.73965631564941	48.07519487454417	-684.4873046875
0.7419718232667537	-125.73885487912882	48.07555617789362	-673.122314453125
0.7428509368014299	-125.73805344260823	48.07591748124306	-664.3246459960938
0.7437300503361062	-125.73725200608764	48.0762787845925	-650.4386596679688
0.7446091638707825	-125.73645056956705	48.07664008794195	-641.31884765625
0.7454882774054586	-125.73564913304646	48.0770013912914	-628.0762329101562
0.7463673909401349	-125.73484769652589	48.07736269464084	-619.7573852539062
0.7472465044748111	-125.7340462600053	48.07772399799028	-610.7073974609375
0.7481256180094874	-125.73324482348471	48.07808530133973	-604.5294189453125
0.7490047315441637	-125.73244338696412	48.07844660468918	-596.4484252929688
0.7498838450788399	-125.73164195044353	48.07880790803862	-587.2316284179688
0.7507629586135162	-125.73084051392294	48.07916921138806	-590.22412109375
0.7516420721481925	-125.73003907740237	48.07953051473751	-581.2023315429688
0.7525211856828686	-125.72923764088178	48.079891818086956	-572.3565673828125
0.7534002992175449	-125.72843620436119	48.0802531214364	-552.7112426757812
0.7542794127522211	-125.7276347678406	48.08061442478584	-543.8505249023438
0.7551585262868974	-125.72683333132001	48.08097572813529	-544.9610595703125
0.7560376398215737	-125.72603189479942	48.081337031484736	-556.8702392578125
0.7569167533562499	-125.72523045827884	48.08169833483418	-592.6350708007812
0.7577958668909262	-125.72442902175825	48.08205963818362	-610.8590698242188
0.7586749804256024	-125.72362758523767	48.08242094153307	-623.626708984375
0.7595540939602786	-125.72282614871708	48.082782244882516	-628.7263793945312
0.7604332074949549	-125.72202471219649	48.08314354823196	-628.673095703125
0.7613123210296311	-125.7212232756759	48.0835048515814	-625.3038330078125
0.7621914345643074	-125.72042183915532	48.08386615493085	-623.3632202148438
0.7630705480989837	-125.71962040263473	48.084227458280296	-624.9050903320312
0.7639496616336598	-125.71881896611414	48.08458876162974	-624.1055908203125
0.7648287751683361	-125.71801752959355	48.08495006497918	-625.9696655273438
0.7657078887030124	-125.71721609307296	48.08531136832863	-624.6217651367188
0.7665870022376886	-125.71641465655237	48.085672671678076	-621.1370849609375
0.7674661157723649	-125.7156132200318	48.08603397502752	-618.8482055664062
0.7683452293070411	-125.71481178351121	48.08639527837696	-618.9739990234375
0.7692243428417174	-125.71401034699062	48.08675658172641	-618.6222534179688
0.7701034563763937	-125.71320891047003	48.087117885075855	-618.3552856445312
0.7709825699110698	-125.71240747394944	48.0874791884253	-617.6646118164062
0.7718616834457461	-125.71160603742885	48.08784049177475	-614.0277099609375
0.7727407969804224	-125.71080460090828	48.08820179512419	-604.7903442382812
0.7736199105150986	-125.71000316438769	48.088563098473635	-599.3170166015625
0.7744990240497749	-125.7092017278671	48.08892440182308	-595.820556640625
0.7753781375844511	-125.7084002913465	48.08928570517253	-595.4103393554688
0.7762572511191274	-125.70759885482592	48.08964700852197	-586.973388671875
0.7771363646538036	-125.70679741830534	48.090008311871415	-575.4546508789062
0.7780154781884798	-125.70599598178475	48.09036961522086	-555.5526733398438
0.7788945917231561	-125.70519454526416	48.09073091857031	-538.98388671875
0.7797737052578324	-125.70439310874357	48.09109222191975	-526.1080932617188
0.7806528187925086	-125.70359167222298	48.091453525269195	-523.0950317382812
0.7815319323271849	-125.7027902357024	48.09181482861864	-518.9064331054688
0.782411045861861	-125.70198879918182	48.09217613196809	-516.9470825195312
0.7832901593965373	-125.70118736266123	48.09253743531753	-518.6685180664062
0.7841692729312136	-125.70038592614064	48.092898738666975	-537.3652954101562
0.7850483864658898	-125.69958448962005	48.09326004201642	-543.3546752929688
0.7859275000005661	-125.69878305309946	48.09362134536587	-554.7607421875
0.7868066135352424	-125.69798161657887	48.09398264871531	-552.6348266601562
0.7876857270699186	-125.6971801800583	48.094343952064754	-541.0280151367188
0.7885648406045949	-125.69637874353771	48.0947052554142	-533.0470581054688
0.789443954139271	-125.69557730701712	48.09506655876365	-508.5545349121094
0.7903230676739473	-125.69477587049653	48.09542786211309	-493.4646911621094
0.7912021812086236	-125.69397443397594	48.095789165462534	-483.7734375
0.7920812947432998	-125.69317299745535	48.09615046881198	-463.3279724121094
0.7929604082779761	-125.69237156093477	48.09651177216143	-461.2032775878906
0.7938395218126523	-125.69157012441418	48.09687307551087	-453.5478210449219
0.7947186353473286	-125.6907686878936	48.097234378860314	-451.1361083984375
0.7955977488820049	-125.689967251373	48.09759568220976	-434.64434814453125
0.796476862416681	-125.68916581485242	48.09795698555921	-424.1634521484375
0.7973559759513573	-125.68836437833183	48.09831828890865	-403.7606506347656
0.7982350894860336	-125.68756294181125	48.098679592258094	-387.9010925292969
0.7991142030207098	-125.68676150529066	48.099040895607544	-369.32611083984375
0.7999933165553861	-125.68596006877007	48.09940219895699	-357.6642761230469
0.8008724300900623	-125.68515863224948	48.09976350230643	-348.7508850097656
0.8017515436247385	-125.6843571957289	48.100124805655874	-334.1717834472656
0.8026306571594148	-125.6835557592083	48.100486109005324	-328.324462890625
0.803509770694091	-125.68275432268773	48.10084741235477	-318.91766357421875
0.8043888842287673	-125.68195288616714	48.10120871570421	-310.6280822753906
0.8052679977634436	-125.68115144964655	48.10157001905365	-293.8547058105469
0.8061471112981198	-125.68035001312596	48.101931322403104	-281.6401672363281
0.8070262248327961	-125.67954857660537	48.10229262575255	-261.613525390625
0.8079053383674722	-125.67874714008478	48.10265392910199	-250.2351531982422
0.8087844519021485	-125.6779457035642	48.10301523245143	-238.02716064453125
0.8096635654368248	-125.67714426704362	48.103376535800884	-235.32278442382812
0.810542678971501	-125.67634283052303	48.10373783915033	-242.51112365722656
0.8114217925061773	-125.67554139400244	48.10409914249977	-250.60861206054688
0.8123009060408536	-125.67473995748185	48.10446044584921	-247.30111694335938
0.8131800195755298	-125.67393852096126	48.10482174919866	-239.8670654296875
0.8140591331102061	-125.67313708444068	48.10518305254811	-235.8983154296875
0.8149382466448822	-125.6723356479201	48.10554435589755	-226.3602294921875
0.8158173601795585	-125.6715342113995	48.10590565924699	-225.47958374023438
0.8166964737142348	-125.67073277487891	48.10626696259644	-224.58782958984375
0.817575587248911	-125.66993133835832	48.106628265945886	-223.72348022460938
0.8184547007835873	-125.66912990183774	48.10698956929533	-222.3706817626953
0.8193338143182636	-125.66832846531716	48.10735087264477	-222.53282165527344
0.8202129278529398	-125.66752702879657	48.10771217599422	-221.02755737304688
0.821092041387616	-125.66672559227598	48.108073479343666	-220.4547119140625
0.8219711549222922	-125.66592415575539	48.10843478269311	-220.27459716796875
0.8228502684569685	-125.6651227192348	48.10879608604255	-218.83436584472656
0.8237293819916448	-125.66432128271421	48.109157389392	-218.2614288330078
0.824608495526321	-125.66351984619364	48.109518692741446	-217.47219848632812
0.8254876090609973	-125.66271840967305	48.10987999609089	-217.2798614501953
0.8263667225956736	-125.66191697315246	48.11024129944034	-216.00131225585938
0.8272458361303497	-125.66111553663187	48.11060260278978	-215.30711364746094
0.828124949665026	-125.66031410011128	48.110963906139226	-215.0833740234375
0.8290040631997022	-125.65951266359069	48.11132520948867	-213.9852294921875
0.8298831767343785	-125.65871122707011	48.11168651283812	-212.4561309814453
0.8307622902690548	-125.65790979054952	48.11204781618756	-212.31845092773438
0.831641403803731	-125.65710835402894	48.112409119537006	-210.89932250976562
0.8325205173384073	-125.65630691750835	48.11277042288645	-208.2674102783203
0.8333996308730836	-125.65550548098776	48.1131317262359	-204.850341796875
0.8342787444077597	-125.65470404446717	48.11349302958534	-194.31106567382812
0.835157857942436	-125.65390260794659	48.113854332934785	-193.50045776367188
0.8360369714771122	-125.653101171426	48.11421563628423	-192.80899047851562
0.8369160850117885	-125.65229973490541	48.11457693963368	-192.08712768554688
0.8377951985464648	-125.65149829838482	48.11493824298312	-192.0713653564453
0.838674312081141	-125.65069686186423	48.115299546332565	-192.07290649414062
0.8395534256158173	-125.64989542534364	48.11566084968201	-190.79217529296875
0.8404325391504935	-125.64909398882307	48.11602215303146	-190.43165588378906
0.8413116526851697	-125.64829255230248	48.1163834563809	-190.60614013671875
0.842190766219846	-125.64749111578189	48.116744759730345	-186.6409149169922
0.8430698797545222	-125.6466896792613	48.11710606307979	-181.6768341064453
0.8439489932891985	-125.64588824274071	48.11746736642924	-182.48516845703125
0.8448281068238748	-125.64508680622012	48.11782866977868	-182.12583923339844
0.845707220358551	-125.64428536969955	48.118189973128125	-181.9784698486328
0.8465863338932272	-125.64348393317896	48.11855127647757	-181.949951171875
0.8474654474279035	-125.64268249665837	48.11891257982702	-181.8390655517578
0.8483445609625797	-125.64188106013778	48.11927388317646	-181.7086639404297
0.849223674497256	-125.64107962361719	48.119635186525905	-181.5982208251953
0.8501027880319322	-125.6402781870966	48.11999648987535	-181.449951171875
0.8509819015666085	-125.63947675057602	48.1203577932248	-175.986328125
0.8518610151012848	-125.63867531405543	48.12071909657424	-174.83956909179688
0.8527401286359609	-125.63787387753484	48.121080399923684	-174.0332794189453
0.8536192421706372	-125.63707244101425	48.121441703273135	-173.17259216308594
0.8544983557053135	-125.63627100449366	48.12180300662258	-172.33056640625
0.8553774692399897	-125.63546956797308	48.12216430997202	-171.79153442382812
0.856256582774666	-125.6346681314525	48.122525613321464	-171.222412109375
0.8571356963093422	-125.63386669493191	48.122886916670915	-170.06533813476562
0.8580148098440185	-125.63306525841132	48.12324822002036	-168.95396423339844
0.8588939233786947	-125.63226382189073	48.1236095233698	-167.98150634765625
0.8597730369133709	-125.63146238537014	48.123970826719244	-166.7391357421875
0.8606521504480472	-125.63066094884955	48.124332130068694	-165.3882598876953
0.8615312639827235	-125.62985951232898	48.12469343341814	-165.1386260986328
0.8624103775173997	-125.62905807580839	48.12505473676758	-164.65048217773438
0.863289491052076	-125.6282566392878	48.125416040117024	-164.41636657714844
0.8641686045867522	-125.62745520276721	48.125777343466474	-164.449951171875
0.8650477181214284	-125.62665376624662	48.12613864681592	-164.51222229003906
0.8659268316561047	-125.62585232972603	48.12649995016536	-164.04771423339844
0.8668059451907809	-125.62505089320545	48.126861253514804	-160.82061767578125
0.8676850587254572	-125.62424945668486	48.127222556864254	-160.78594970703125
0.8685641722601335	-125.62344802016428	48.1275838602137	-160.688232421875
0.8694432857948097	-125.62264658364369	48.12794516356314	-160.449951171875
0.870322399329486	-125.6218451471231	48.12830646691258	-159.4701385498047
0.8712015128641621	-125.6210437106025	48.128667770262034	-159.22763061523438
0.8720806263988384	-125.62024227408193	48.12902907361148	-158.385498046875
0.8729597399335147	-125.61944083756134	48.12939037696092	-157.949951171875
0.8738388534681909	-125.61863940104075	48.12975168031036	-157.47056579589844
0.8747179670028672	-125.61783796452016	48.130112983659814	-157.23585510253906
0.8755970805375435	-125.61703652799957	48.13047428700926	-156.81700134277344
0.8764761940722197	-125.61623509147898	48.1308355903587	-156.449951171875
0.877355307606896	-125.61543365495841	48.13119689370814	-156.40771484375
0.8782344211415721	-125.61463221843782	48.13155819705759	-155.969482421875
0.8791135346762484	-125.61383078191723	48.13191950040704	-155.949951171875
0.8791135346762484	-125.61383078191723	48.13191950040704	-155.949951171875
