0.0	-125.5678467192606	47.961121553396666	-218.9088897705078
0.0008033756044260282	-125.56855399793861	47.96074054259179	-219.63998413085938
0.0016067512088520563	-125.56926127661661	47.96035953178693	-220.23880004882812
0.0024101268132780845	-125.56996855529461	47.959978520982055	-220.42677307128906
0.0032135024177041126	-125.57067583397262	47.95959751017719	-221.53866577148438
0.004016878022130141	-125.57138311265062	47.95921649937232	-222.55160522460938
0.004820253626556169	-125.57209039132863	47.95883548856745	-224.7050018310547
0.005623629230982197	-125.57279767000664	47.95845447776258	-225.77410888671875
0.006427004835408225	-125.57350494868464	47.958073466957714	-226.8201904296875
0.007230380439834254	-125.57421222736264	47.95769245615284	-230.74781799316406
0.008033756044260282	-125.57491950604064	47.957311445347976	-232.30325317382812
0.00883713164868631	-125.57562678471865	47.956930434543104	-233.05206298828125
0.009640507253112338	-125.57633406339666	47.95654942373823	-233.64035034179688
0.010443882857538367	-125.57704134207466	47.956168412933366	-235.0561981201172
0.011247258461964393	-125.57774862075266	47.95578740212849	-235.64306640625
0.012050634066390422	-125.57845589943066	47.95540639132363	-236.563232421875
0.01285400967081645	-125.57916317810867	47.955025380518755	-238.87344360351562
0.01365738527524248	-125.57987045678668	47.95464436971389	-240.12106323242188
0.014460760879668508	-125.58057773546469	47.95426335890902	-241.049560546875
0.015264136484094535	-125.58128501414268	47.95388234810415	-241.24969482421875
0.016067512088520565	-125.58199229282069	47.95350133729928	-244.77806091308594
0.01687088769294659	-125.5826995714987	47.953120326494414	-245.69932556152344
0.01767426329737262	-125.5834068501767	47.95273931568954	-247.5856170654297
0.018477638901798647	-125.58411412885471	47.95235830488467	-252.01358032226562
0.019281014506224676	-125.58482140753271	47.9519772940798	-253.9419708251953
0.020084390110650704	-125.58552868621071	47.95159628327493	-256.0154113769531
0.020887765715076733	-125.58623596488871	47.951215272470066	-257.99566650390625
0.02169114131950276	-125.58694324356672	47.95083426166519	-260.76568603515625
0.022494516923928787	-125.58765052224473	47.95045325086033	-259.34515380859375
0.023297892528354815	-125.58835780092274	47.950072240055455	-259.9635925292969
0.024101268132780844	-125.58906507960073	47.94969122925059	-263.0145263671875
0.024904643737206873	-125.58977235827874	47.94931021844572	-263.5122375488281
0.0257080193416329	-125.59047963695674	47.94892920764085	-262.5365905761719
0.02651139494605893	-125.59118691563475	47.94854819683598	-261.611572265625
0.02731477055048496	-125.59189419431276	47.948167186031114	-262.1877136230469
0.028118146154910987	-125.59260147299075	47.94778617522624	-262.72869873046875
0.028921521759337016	-125.59330875166876	47.94740516442137	-264.78985595703125
0.02972489736376304	-125.59401603034676	47.9470241536165	-271.1330871582031
0.03052827296818907	-125.59472330902477	47.94664314281163	-275.6661682128906
0.0313316485726151	-125.59543058770278	47.946262132006765	-279.98828125
0.03213502417704113	-125.59613786638079	47.94588112120189	-283.086669921875
0.032938399781467155	-125.59684514505878	47.94550011039703	-286.6453857421875
0.03374177538589318	-125.59755242373679	47.945119099592155	-288.03094482421875
0.03454515099031921	-125.5982597024148	47.94473808878729	-288.76434326171875
0.03534852659474524	-125.5989669810928	47.94435707798242	-290.4610290527344
0.03615190219917127	-125.59967425977081	47.94397606717755	-291.6120300292969
0.036955277803597295	-125.6003815384488	47.94359505637268	-293.0728454589844
0.03775865340802333	-125.60108881712681	47.94321404556781	-297.0882568359375
0.03856202901244935	-125.60179609580481	47.94283303476294	-299.8764953613281
0.03936540461687538	-125.60250337448282	47.94245202395807	-302.022705078125
0.04016878022130141	-125.60321065316083	47.9420710131532	-303.8823547363281
0.040972155825727434	-125.60391793183882	47.94169000234833	-306.3368835449219
0.041775531430153466	-125.60462521051683	47.941308991543465	-309.5049133300781
0.04257890703457949	-125.60533248919484	47.94092798073859	-315.880126953125
0.04338228263900552	-125.60603976787284	47.94054696993373	-335.15985107421875
0.04418565824343155	-125.60674704655085	47.940165959128855	-349.7846374511719
0.044989033847857574	-125.60745432522886	47.93978494832399	-366.033935546875
0.045792409452283606	-125.60816160390685	47.93940393751912	-378.06707763671875
0.04659578505670963	-125.60886888258486	47.939022926714244	-395.53155517578125
0.04739916066113566	-125.60957616126286	47.93864191590938	-402.8673400878906
0.04820253626556169	-125.61028343994087	47.93826090510451	-410.7807312011719
0.04900591186998772	-125.61099071861888	47.93787989429964	-423.5832824707031
0.049809287474413745	-125.61169799729687	47.93749888349477	-428.6867980957031
0.05061266307883978	-125.61240527597488	47.9371178726899	-436.00799560546875
0.0514160386832658	-125.61311255465289	47.93673686188503	-442.8329162597656
0.05221941428769183	-125.6138198333309	47.936355851080165	-456.13250732421875
0.05302278989211786	-125.6145271120089	47.93597484027529	-461.7643127441406
0.053826165496543885	-125.6152343906869	47.93559382947043	-466.0696105957031
0.05462954110096992	-125.6159416693649	47.935212818665555	-470.9947204589844
0.05543291670539594	-125.61664894804291	47.93483180786068	-472.0530090332031
0.056236292309821974	-125.61735622672091	47.93445079705582	-472.6763610839844
0.057039667914248	-125.61806350539892	47.934069786250944	-473.567138671875
0.05784304351867403	-125.61877078407693	47.93368877544608	-476.5215148925781
0.058646419123100056	-125.61947806275492	47.93330776464121	-477.349365234375
0.05944979472752608	-125.62018534143293	47.93292675383634	-477.6293640136719
0.06025317033195211	-125.62089262011094	47.93254574303147	-479.5788269042969
0.06105654593637814	-125.62159989878894	47.9321647322266	-480.776123046875
0.06185992154080417	-125.62230717746695	47.93178372142173	-481.8387451171875
0.0626632971452302	-125.62301445614494	47.931402710616865	-481.01397705078125
0.06346667274965623	-125.62372173482295	47.93102169981199	-480.0162048339844
0.06427004835408226	-125.62442901350096	47.93064068900712	-476.1564025878906
0.06507342395850828	-125.62513629217896	47.930259678202255	-472.2500305175781
0.06587679956293431	-125.62584357085697	47.92987866739738	-470.9913635253906
0.06668017516736034	-125.62655084953496	47.92949765659252	-468.238037109375
0.06748355077178636	-125.62725812821297	47.929116645787644	-470.8615417480469
0.06828692637621239	-125.62796540689098	47.92873563498278	-473.88214111328125
0.06909030198063842	-125.62867268556899	47.928354624177906	-479.8130187988281
0.06989367758506446	-125.629379964247	47.92797361337304	-483.743408203125
0.07069705318949047	-125.630087242925	47.92759260256817	-487.40093994140625
0.0715004287939165	-125.630794521603	47.9272115917633	-492.5502014160156
0.07230380439834254	-125.631501800281	47.92683058095843	-495.6241149902344
0.07310718000276856	-125.63220907895901	47.92644957015356	-497.76519775390625
0.07391055560719459	-125.63291635763701	47.92606855934869	-499.5547180175781
0.07471393121162062	-125.63362363631502	47.92568754854382	-502.5713195800781
0.07551730681604665	-125.63433091499301	47.925306537738955	-504.4267578125
0.07632068242047267	-125.63503819367102	47.92492552693408	-506.502685546875
0.0771240580248987	-125.63574547234903	47.92454451612922	-508.8912048339844
0.07792743362932474	-125.63645275102704	47.924163505324344	-511.2132873535156
0.07873080923375075	-125.63716002970504	47.92378249451948	-513.7267456054688
0.07953418483817679	-125.63786730838304	47.923401483714606	-516.1111450195312
0.08033756044260282	-125.63857458706104	47.92302047290974	-519.61328125
0.08114093604702885	-125.63928186573905	47.92263946210487	-521.7236328125
0.08194431165145487	-125.63998914441706	47.9222584513	-524.3330688476562
0.0827476872558809	-125.64069642309506	47.92187744049513	-527.9725341796875
0.08355106286030693	-125.64140370177307	47.92149642969026	-530.5459594726562
0.08435443846473295	-125.64211098045106	47.92111541888539	-533.30859375
0.08515781406915898	-125.64281825912907	47.92073440808052	-534.6085815429688
0.08596118967358501	-125.64352553780708	47.920353397275655	-537.4332885742188
0.08676456527801105	-125.64423281648509	47.91997238647078	-540.3304443359375
0.08756794088243706	-125.6449400951631	47.91959137566592	-542.6137084960938
0.0883713164868631	-125.64564737384109	47.919210364861044	-549.6027221679688
0.08917469209128913	-125.6463546525191	47.91882935405618	-552.4415283203125
0.08997806769571515	-125.6470619311971	47.918448343251306	-555.6219482421875
0.09078144330014118	-125.64776920987511	47.91806733244644	-558.6859130859375
0.09158481890456721	-125.64847648855311	47.91768632164157	-561.5341796875
0.09238819450899324	-125.64918376723111	47.917305310836696	-562.801513671875
0.09319157011341926	-125.64989104590911	47.91692430003183	-564.0590209960938
0.0939949457178453	-125.65059832458712	47.91654328922696	-566.2982177734375
0.09479832132227133	-125.65130560326513	47.91616227842209	-567.669921875
0.09560169692669736	-125.65201288194314	47.91578126761722	-569.1976318359375
0.09640507253112338	-125.65272016062114	47.915400256812354	-570.6705322265625
0.09720844813554941	-125.65342743929914	47.91501924600748	-573.820556640625
0.09801182373997544	-125.65413471797714	47.91463823520262	-575.8214721679688
0.09881519934440146	-125.65484199665515	47.914257224397744	-577.7445678710938
0.09961857494882749	-125.65554927533316	47.91387621359288	-580.8469848632812
0.10042195055325352	-125.65625655401116	47.913495202788006	-582.7847290039062
0.10122532615767955	-125.65696383268916	47.913114191983134	-584.8432006835938
0.10202870176210557	-125.65767111136716	47.91273318117827	-587.3361206054688
0.1028320773665316	-125.65837839004517	47.912352170373396	-590.2960815429688
0.10363545297095764	-125.65908566872318	47.91197115956853	-592.36328125
0.10443882857538365	-125.65979294740119	47.91159014876366	-594.9230346679688
0.10524220417980969	-125.6605002260792	47.91120913795879	-598.035888671875
0.10604557978423572	-125.66120750475719	47.91082812715392	-599.7320556640625
0.10684895538866175	-125.6619147834352	47.910447116349054	-601.1654052734375
0.10765233099308777	-125.6626220621132	47.91006610554418	-602.663818359375
0.1084557065975138	-125.66332934079121	47.90968509473932	-604.657470703125
0.10925908220193983	-125.66403661946921	47.909304083934444	-606.1273193359375
0.11006245780636585	-125.66474389814721	47.90892307312957	-607.6585693359375
0.11086583341079188	-125.66545117682521	47.908542062324706	-611.6550903320312
0.11166920901521792	-125.66615845550322	47.90816105151983	-613.1168212890625
0.11247258461964395	-125.66686573418123	47.90778004071497	-614.62939453125
0.11327596022406997	-125.66757301285924	47.907399029910096	-617.6522216796875
0.114079335828496	-125.66828029153723	47.90701801910523	-619.6441040039062
0.11488271143292203	-125.66898757021524	47.90663700830036	-621.5813598632812
0.11568608703734806	-125.66969484889324	47.90625599749549	-624.0635986328125
0.11648946264177408	-125.67040212757125	47.90587498669062	-628.2332763671875
0.11729283824620011	-125.67110940624926	47.905493975885754	-630.6637573242188
0.11809621385062614	-125.67181668492726	47.90511296508088	-633.3053588867188
0.11889958945505216	-125.67252396360526	47.90473195427601	-638.052490234375
0.1197029650594782	-125.67323124228326	47.904350943471144	-640.6788330078125
0.12050634066390423	-125.67393852096127	47.90396993266627	-643.768798828125
0.12130971626833026	-125.67464579963928	47.903588921861406	-646.3104248046875
0.12211309187275628	-125.67535307831729	47.90320791105653	-650.8193969726562
0.12291646747718231	-125.67606035699528	47.90282690025167	-653.4596557617188
0.12371984308160834	-125.67676763567329	47.902445889446795	-656.0059814453125
0.12452321868603436	-125.6774749143513	47.90206487864193	-661.9264526367188
0.1253265942904604	-125.6781821930293	47.90168386783706	-663.88525390625
0.12612996989488642	-125.67888947170731	47.90130285703219	-667.2907104492188
0.12693334549931246	-125.6795967503853	47.90092184622732	-672.98486328125
0.1277367211037385	-125.68030402906331	47.900540835422454	-688.4518432617188
0.12854009670816452	-125.68101130774131	47.90015982461758	-696.2586059570312
0.12934347231259052	-125.68171858641932	47.89977881381271	-703.3787231445312
0.13014684791701656	-125.68242586509733	47.899397803007844	-710.5575561523438
0.1309502235214426	-125.68313314377534	47.89901679220297	-714.8721923828125
0.13175359912586862	-125.68384042245333	47.898635781398106	-719.408935546875
0.13255697473029465	-125.68454770113134	47.89825477059323	-726.8356323242188
0.13336035033472068	-125.68525497980934	47.89787375978837	-733.807373046875
0.13416372593914672	-125.68596225848735	47.897492748983495	-739.8313598632812
0.13496710154357272	-125.68666953716536	47.89711173817863	-745.014404296875
0.13577047714799875	-125.68737681584335	47.89673072737376	-754.0007934570312
0.13657385275242478	-125.68808409452136	47.89634971656889	-761.6142578125
0.13737722835685082	-125.68879137319936	47.89596870576402	-769.0006713867188
0.13818060396127685	-125.68949865187737	47.89558769495915	-776.2875366210938
0.13898397956570288	-125.69020593055538	47.89520668415428	-788.179931640625
0.1397873551701289	-125.69091320923337	47.89482567334941	-795.3088989257812
0.14059073077455492	-125.69162048791138	47.894444662544544	-802.5967407226562
0.14139410637898095	-125.69232776658939	47.89406365173967	-810.6390991210938
0.14219748198340698	-125.6930350452674	47.893682640934806	-817.8310546875
0.143000857587833	-125.6937423239454	47.89330163012993	-821.4843139648438
0.14380423319225905	-125.69444960262341	47.89292061932507	-825.104248046875
0.14460760879668508	-125.6951568813014	47.892539608520195	-827.8267822265625
0.1454109844011111	-125.69586415997941	47.89215859771533	-831.6912841796875
0.14621436000553711	-125.69657143865741	47.89177758691046	-836.7713623046875
0.14701773560996315	-125.69727871733542	47.891396576105585	-843.513671875
0.14782111121438918	-125.69798599601343	47.89101556530072	-847.8375244140625
0.1486244868188152	-125.69869327469142	47.89063455449585	-849.9183349609375
0.14942786242324124	-125.69940055336943	47.89025354369098	-852.6336059570312
0.15023123802766727	-125.70010783204744	47.88987253288611	-858.2771606445312
0.1510346136320933	-125.70081511072544	47.889491522081244	-860.9758911132812
0.1518379892365193	-125.70152238940345	47.88911051127637	-864.3485107421875
0.15264136484094534	-125.70222966808144	47.888729500471506	-874.0814819335938
0.15344474044537137	-125.70293694675945	47.88834848966663	-878.4812622070312
0.1542481160497974	-125.70364422543746	47.88796747886177	-883.54345703125
0.15505149165422344	-125.70435150411546	47.887586468056895	-889.8348999023438
0.15585486725864947	-125.70505878279347	47.88720545725202	-901.22265625
0.1566582428630755	-125.70576606147148	47.88682444644716	-906.8516235351562
0.1574616184675015	-125.70647334014947	47.886443435642285	-912.8089599609375
0.15826499407192754	-125.70718061882748	47.88606242483742	-921.357177734375
0.15906836967635357	-125.70788789750549	47.88568141403255	-926.269775390625
0.1598717452807796	-125.7085951761835	47.88530040322768	-931.824951171875
0.16067512088520564	-125.7093024548615	47.88491939242281	-938.2545166015625
0.16147849648963167	-125.7100097335395	47.88453838161794	-948.2427368164062
0.1622818720940577	-125.7107170122175	47.88415737081307	-956.5986938476562
0.1630852476984837	-125.71142429089551	47.883776360008206	-966.0732421875
0.16388862330290974	-125.71213156957351	47.88339534920333	-981.2139892578125
0.16469199890733577	-125.71283884825152	47.88301433839846	-992.3790283203125
0.1654953745117618	-125.71354612692951	47.882633327593595	-1003.3681030273438
0.16629875011618783	-125.71425340560752	47.88225231678872	-1013.1222534179688
0.16710212572061386	-125.71496068428553	47.88187130598386	-1025.9744873046875
0.1679055013250399	-125.71566796296354	47.881490295178985	-1037.7982177734375
0.1687088769294659	-125.71637524164154	47.88110928437412	-1053.0567626953125
0.16951225253389193	-125.71708252031955	47.88072827356925	-1071.865234375
0.17031562813831796	-125.71778979899754	47.88034726276438	-1088.735107421875
0.171119003742744	-125.71849707767555	47.87996625195951	-1105.4498291015625
0.17192237934717003	-125.71920435635356	47.87958524115464	-1115.8536376953125
0.17272575495159606	-125.71991163503156	47.87920423034977	-1129.8466796875
0.1735291305560221	-125.72061891370957	47.8788232195449	-1142.0472412109375
0.1743325061604481	-125.72132619238756	47.87844220874003	-1152.4974365234375
0.17513588176487413	-125.72203347106557	47.87806119793516	-1167.319091796875
0.17593925736930016	-125.72274074974358	47.877680187130295	-1175.7352294921875
0.1767426329737262	-125.72344802842159	47.87729917632542	-1181.013671875
0.17754600857815223	-125.7241553070996	47.87691816552056	-1185.185791015625
0.17834938418257826	-125.72486258577759	47.876537154715685	-1191.456787109375
0.1791527597870043	-125.7255698644556	47.87615614391082	-1193.4703369140625
0.1799561353914303	-125.7262771431336	47.87577513310595	-1194.6688232421875
0.18075951099585633	-125.72698442181161	47.87539412230108	-1200.298583984375
0.18156288660028236	-125.72769170048961	47.87501311149621	-1203.6646728515625
0.1823662622047084	-125.72839897916762	47.87463210069134	-1209.146728515625
0.18316963780913442	-125.72910625784561	47.87425108988647	-1216.703857421875
0.18397301341356045	-125.72981353652362	47.8738700790816	-1232.8035888671875
0.1847763890179865	-125.73052081520163	47.87348906827673	-1241.0185546875
0.18557976462241252	-125.73122809387964	47.87310805747186	-1248.030029296875
0.18638314022683852	-125.73193537255764	47.872727046666995	-1253.3812255859375
0.18718651583126455	-125.73264265123564	47.87234603586212	-1254.060302734375
0.1879898914356906	-125.73334992991364	47.87196502505726	-1254.417724609375
0.18879326704011662	-125.73405720859165	47.871584014252385	-1255.265869140625
0.18959664264454265	-125.73476448726966	47.87120300344752	-1259.828125
0.19040001824896868	-125.73547176594766	47.87082199264265	-1264.139404296875
0.19120339385339472	-125.73617904462566	47.87044098183778	-1270.2236328125
0.19200676945782072	-125.73688632330366	47.87005997103291	-1284.980712890625
0.19281014506224675	-125.73759360198167	47.869678960228036	-1296.086669921875
0.19361352066667278	-125.73830088065968	47.86929794942317	-1309.284423828125
0.19441689627109882	-125.73900815933769	47.8689169386183	-1336.507568359375
0.19522027187552485	-125.7397154380157	47.86853592781343	-1352.4169921875
0.19602364747995088	-125.74042271669369	47.86815491700856	-1365.390380859375
0.1968270230843769	-125.7411299953717	47.867773906203695	-1374.260498046875
0.19763039868880292	-125.7418372740497	47.86739289539882	-1386.164794921875
0.19843377429322895	-125.74254455272771	47.86701188459396	-1390.0592041015625
0.19923714989765498	-125.74325183140571	47.866630873789084	-1392.5921630859375
0.200040525502081	-125.74395911008371	47.86624986298422	-1393.8189697265625
0.20084390110650704	-125.74466638876171	47.86586885217935	-1391.383056640625
0.20164727671093308	-125.74537366743972	47.865487841374474	-1388.4541015625
0.2024506523153591	-125.74608094611773	47.86510683056961	-1386.278564453125
0.2032540279197851	-125.74678822479574	47.864725819764736	-1387.3817138671875
0.20405740352421115	-125.74749550347374	47.86434480895987	-1388.4708251953125
0.20486077912863718	-125.74820278215174	47.863963798155	-1389.4111328125
0.2056641547330632	-125.74891006082974	47.86358278735013	-1389.5771484375
0.20646753033748924	-125.74961733950775	47.86320177654526	-1384.5235595703125
0.20727090594191527	-125.75032461818576	47.862820765740395	-1377.838134765625
0.2080742815463413	-125.75103189686376	47.86243975493552	-1369.12939453125
0.2088776571507673	-125.75173917554176	47.86205874413066	-1355.554443359375
0.20968103275519334	-125.75244645421976	47.861677733325784	-1348.644775390625
0.21048440835961937	-125.75315373289777	47.86129672252091	-1344.1688232421875
0.2112877839640454	-125.75386101157578	47.860915711716046	-1343.79931640625
0.21209115956847144	-125.75456829025379	47.860534700911174	-1341.9228515625
0.21289453517289747	-125.75527556893178	47.86015369010631	-1339.5799560546875
0.2136979107773235	-125.75598284760979	47.859772679301436	-1335.8734130859375
0.2145012863817495	-125.7566901262878	47.85939166849657	-1324.124755859375
0.21530466198617554	-125.7573974049658	47.8590106576917	-1313.7216796875
0.21610803759060157	-125.75810468364381	47.85862964688683	-1304.590576171875
0.2169114131950276	-125.75881196232181	47.85824863608196	-1298.73583984375
0.21771478879945363	-125.75951924099981	47.857867625277095	-1298.9412841796875
0.21851816440387967	-125.76022651967781	47.85748661447222	-1301.6351318359375
0.2193215400083057	-125.76093379835582	47.85710560366735	-1306.893798828125
0.2201249156127317	-125.76164107703383	47.856724592862484	-1317.65673828125
0.22092829121715774	-125.76234835571184	47.85634358205761	-1323.1162109375
0.22173166682158377	-125.76305563438983	47.855962571252746	-1325.791259765625
0.2225350424260098	-125.76376291306784	47.855581560447874	-1330.2254638671875
0.22333841803043583	-125.76447019174584	47.85520054964301	-1329.488525390625
0.22414179363486186	-125.76517747042385	47.854819538838136	-1327.87451171875
0.2249451692392879	-125.76588474910186	47.85443852803327	-1323.35986328125
0.2257485448437139	-125.76659202777985	47.8540575172284	-1313.570068359375
0.22655192044813993	-125.76729930645786	47.85367650642353	-1305.258544921875
0.22735529605256596	-125.76800658513586	47.85329549561866	-1297.5650634765625
0.228158671656992	-125.76871386381387	47.852914484813795	-1294.9029541015625
0.22896204726141803	-125.76942114249188	47.85253347400892	-1299.1402587890625
0.22976542286584406	-125.77012842116989	47.85215246320405	-1306.7459716796875
0.2305687984702701	-125.77083569984788	47.851771452399184	-1315.53662109375
0.23137217407469612	-125.77154297852589	47.85139044159431	-1331.978271484375
0.23217554967912213	-125.7722502572039	47.851009430789446	-1342.8309326171875
0.23297892528354816	-125.7729575358819	47.850628419984574	-1354.371826171875
0.2337823008879742	-125.77366481455991	47.85024740917971	-1373.81689453125
0.23458567649240022	-125.7743720932379	47.849866398374836	-1382.3055419921875
0.23538905209682626	-125.77507937191591	47.84948538756997	-1386.91162109375
0.2361924277012523	-125.77578665059391	47.8491043767651	-1388.702880859375
0.23699580330567832	-125.77649392927192	47.84872336596023	-1391.7255859375
0.23779917891010433	-125.77720120794993	47.84834235515536	-1393.2303466796875
0.23860255451453036	-125.77790848662792	47.84796134435049	-1395.3648681640625
0.2394059301189564	-125.77861576530593	47.84758033354562	-1399.8863525390625
0.24020930572338242	-125.77932304398394	47.84719932274075	-1402.115966796875
0.24101268132780845	-125.78003032266194	47.846818311935884	-1403.6202392578125
0.24181605693223449	-125.78073760133995	47.84643730113101	-1402.5848388671875
0.24261943253666052	-125.78144488001796	47.846056290326146	-1396.475830078125
0.24342280814108652	-125.78215215869595	47.845675279521274	-1392.2061767578125
0.24422618374551255	-125.78285943737396	47.84529426871641	-1388.5972900390625
0.24502955934993859	-125.78356671605196	47.844913257911536	-1388.2425537109375
0.24583293495436462	-125.78427399472997	47.84453224710667	-1389.7662353515625
0.24663631055879065	-125.78498127340798	47.8441512363018	-1392.0289306640625
0.24743968616321668	-125.78568855208597	47.843770225496925	-1394.2674560546875
0.24824306176764271	-125.78639583076398	47.84338921469206	-1401.6220703125
0.24904643737206872	-125.78710310944199	47.84300820388719	-1404.3785400390625
0.24984981297649475	-125.78781038812	47.84262719308232	-1407.490966796875
0.2506531885809208	-125.788517666798	47.84224618227745	-1416.184814453125
0.2514565641853468	-125.789224945476	47.841865171472584	-1418.232177734375
0.25225993978977285	-125.789932224154	47.84148416066771	-1417.3367919921875
0.25306331539419885	-125.79063950283201	47.841103149862846	-1415.383544921875
0.2538666909986249	-125.79134678151001	47.84072213905797	-1420.0833740234375
0.2546700666030509	-125.79205406018802	47.84034112825311	-1422.669677734375
0.255473442207477	-125.79276133886603	47.839960117448236	-1426.271484375
0.256276817811903	-125.79346861754402	47.83957910664336	-1435.0540771484375
0.25708019341632904	-125.79417589622203	47.8391980958385	-1439.140869140625
0.25788356902075504	-125.79488317490004	47.838817085033625	-1442.134033203125
0.25868694462518105	-125.79559045357804	47.83843607422876	-1444.2547607421875
0.2594903202296071	-125.79629773225605	47.83805506342389	-1446.1409912109375
0.2602936958340331	-125.79700501093404	47.83767405261902	-1446.6435546875
0.26109707143845917	-125.79771228961205	47.83729304181415	-1447.10595703125
0.2619004470428852	-125.79841956829006	47.836912031009284	-1449.710693359375
0.26270382264731124	-125.79912684696806	47.83653102020441	-1451.0596923828125
0.26350719825173724	-125.79983412564607	47.836150009399546	-1452.1158447265625
0.26431057385616324	-125.80054140432406	47.83576899859467	-1453.53466796875
0.2651139494605893	-125.80124868300207	47.8353879877898	-1456.5201416015625
0.2659173250650153	-125.80195596168008	47.835006976984936	-1458.1278076171875
0.26672070066944137	-125.80266324035809	47.83462596618006	-1458.916259765625
0.2675240762738674	-125.8033705190361	47.8342449553752	-1459.9036865234375
0.26832745187829343	-125.8040777977141	47.833863944570325	-1456.1060791015625
0.26913082748271944	-125.8047850763921	47.83348293376546	-1458.0628662109375
0.26993420308714544	-125.8054923550701	47.83310192296059	-1459.8995361328125
0.2707375786915715	-125.80619963374811	47.83272091215572	-1459.90234375
0.2715409542959975	-125.80690691242611	47.83233990135085	-1459.913330078125
0.27234432990042357	-125.80761419110412	47.831958890545984	-1458.8653564453125
0.27314770550484957	-125.80832146978211	47.83157787974111	-1458.7791748046875
0.27395108110927563	-125.80902874846012	47.83119686893624	-1457.78515625
0.27475445671370163	-125.80973602713813	47.83081585813137	-1456.875
0.27555783231812764	-125.81044330581614	47.8304348473265	-1456.871826171875
0.2763612079225537	-125.81115058449414	47.830053836521635	-1456.8753662109375
0.2771645835269797	-125.81185786317214	47.82967282571676	-1456.8790283203125
0.27796795913140576	-125.81256514185014	47.8292918149119	-1456.9267578125
0.27877133473583177	-125.81327242052815	47.828910804107025	-1458.0052490234375
0.2795747103402578	-125.81397969920616	47.82852979330216	-1458.931884765625
0.28037808594468383	-125.81468697788416	47.82814878249729	-1459.9344482421875
0.28118146154910983	-125.81539425656217	47.82776777169242	-1460.99560546875
0.2819848371535359	-125.81610153524016	47.82738676088755	-1462.0
0.2827882127579619	-125.81680881391817	47.827005750082684	-1463.0
0.28359158836238796	-125.81751609259618	47.82662473927781	-1462.963134765625
0.28439496396681396	-125.81822337127419	47.82624372847294	-1464.911376953125
0.28519833957124	-125.8189306499522	47.82586271766807	-1465.9525146484375
0.286001715175666	-125.81963792863019	47.8254817068632	-1464.9246826171875
0.28680509078009203	-125.8203452073082	47.825100696058335	-1465.9591064453125
0.2876084663845181	-125.8210524859862	47.82471968525346	-1465.961181640625
0.2884118419889441	-125.82175976466421	47.8243386744486	-1466.001953125
0.28921521759337016	-125.82246704334221	47.823957663643725	-1466.963623046875
0.29001859319779616	-125.82317432202021	47.82357665283886	-1468.0
0.2908219688022222	-125.82388160069821	47.82319564203399	-1468.9681396484375
0.2916253444066482	-125.82458887937622	47.82281463122912	-1469.0
0.29242872001107423	-125.82529615805423	47.82243362042425	-1471.0491943359375
0.2932320956155003	-125.82600343673224	47.82205260961938	-1474.040771484375
0.2940354712199263	-125.82671071541024	47.82167159881451	-1475.0
0.29483884682435235	-125.82741799408824	47.82129058800964	-1475.982421875
0.29564222242877836	-125.82812527276624	47.82090957720477	-1477.9810791015625
0.2964455980332044	-125.82883255144425	47.8205285663999	-1477.9854736328125
0.2972489736376304	-125.82953983012226	47.820147555595035	-1479.0003662109375
0.2980523492420564	-125.83024710880026	47.81976654479016	-1479.9757080078125
0.2988557248464825	-125.83095438747826	47.8193855339853	-1479.9903564453125
0.2996591004509085	-125.83166166615626	47.819004523180425	-1479.991943359375
0.30046247605533455	-125.83236894483427	47.81862351237556	-1479.9864501953125
0.30126585165976055	-125.83307622351228	47.81824250157069	-1479.9847412109375
0.3020692272641866	-125.83378350219029	47.817861490765814	-1477.98681640625
0.3028726028686126	-125.8344907808683	47.81748047996095	-1476.995361328125
0.3036759784730386	-125.83519805954629	47.81709946915608	-1476.00048828125
0.3044793540774647	-125.8359053382243	47.81671845835121	-1476.001953125
0.3052827296818907	-125.8366126169023	47.81633744754634	-1475.996337890625
0.30608610528631675	-125.83731989558031	47.81595643674147	-1477.9942626953125
0.30688948089074275	-125.83802717425831	47.8155754259366	-1478.9853515625
0.3076928564951688	-125.83873445293631	47.815194415131735	-1478.9912109375
0.3084962320995948	-125.83944173161431	47.81481340432686	-1480.0123291015625
0.3092996077040208	-125.84014901029232	47.814432393522	-1478.0135498046875
0.3101029833084469	-125.84085628897033	47.814051382717125	-1477.0146484375
0.3109063589128729	-125.84156356764834	47.81367037191225	-1476.01611328125
0.31170973451729894	-125.84227084632633	47.81328936110739	-1474.0213623046875
0.31251311012172495	-125.84297812500434	47.812908350302514	-1473.0242919921875
0.313316485726151	-125.84368540368234	47.81252733949765	-1472.9989013671875
0.314119861330577	-125.84439268236035	47.812146328692776	-1473.0
0.314923236935003	-125.84509996103836	47.81176531788791	-1474.03125
0.3157266125394291	-125.84580723971636	47.81138430708304	-1474.0
0.3165299881438551	-125.84651451839436	47.81100329627817	-1474.0
0.31733336374828114	-125.84722179707236	47.8106222854733	-1473.9715576171875
0.31813673935270714	-125.84792907575037	47.810241274668435	-1474.97021484375
0.3189401149571332	-125.84863635442838	47.80986026386356	-1475.9713134765625
0.3197434905615592	-125.84934363310639	47.80947925305869	-1477.002685546875
0.3205468661659852	-125.85005091178438	47.809098242253825	-1476.951171875
0.32135024177041127	-125.85075819046239	47.80871723144895	-1475.9617919921875
0.3221536173748373	-125.8514654691404	47.80833622064409	-1475.9637451171875
0.32295699297926334	-125.8521727478184	47.807955209839214	-1476.9056396484375
0.32376036858368934	-125.85288002649641	47.80757419903435	-1478.9056396484375
0.3245637441881154	-125.8535873051744	47.807193188229476	-1479.862060546875
0.3253671197925414	-125.85429458385241	47.80681217742461	-1481.8328857421875
0.3261704953969674	-125.85500186253041	47.80643116661974	-1481.9627685546875
0.32697387100139347	-125.85570914120842	47.80605015581487	-1482.890869140625
0.3277772466058195	-125.85641641988643	47.80566914501	-1483.9259033203125
0.32858062221024553	-125.85712369856444	47.805288134205135	-1484.9228515625
0.32938399781467154	-125.85783097724243	47.80490712340026	-1485.9197998046875
0.3301873734190976	-125.85853825592044	47.80452611259539	-1487.8720703125
0.3309907490235236	-125.85924553459844	47.804145101790525	-1488.9578857421875
0.3317941246279496	-125.85995281327645	47.80376409098565	-1490.864501953125
0.33259750023237566	-125.86066009195446	47.80338308018079	-1491.956787109375
0.33340087583680167	-125.86136737063245	47.803002069375914	-1493.0087890625
0.33420425144122773	-125.86207464931046	47.80262105857105	-1493.8973388671875
0.33500762704565373	-125.86278192798846	47.802240047766176	-1494.89404296875
0.3358110026500798	-125.86348920666647	47.80185903696131	-1495.890625
0.3366143782545058	-125.86419648534448	47.80147802615644	-1496.8311767578125
0.3374177538589318	-125.86490376402247	47.80109701535157	-1497.837890625
0.33822112946335786	-125.86561104270048	47.8007160045467	-1498.8802490234375
0.33902450506778387	-125.86631832137849	47.80033499374183	-1499.0
0.3398278806722099	-125.8670256000565	47.79995398293696	-1499.0
0.34063125627663593	-125.8677328787345	47.79957297213209	-1500.0
0.341434631881062	-125.86844015741251	47.799191961327224	-1500.134033203125
0.342238007485488	-125.8691474360905	47.79881095052235	-1500.0474853515625
0.343041383089914	-125.86985471476851	47.79842993971749	-1499.1890869140625
0.34384475869434006	-125.87056199344651	47.798048928912614	-1498.1929931640625
0.34464813429876606	-125.87126927212452	47.79766791810775	-1497.1968994140625
0.3454515099031921	-125.87197655080253	47.797286907302876	-1496.2169189453125
0.3462548855076181	-125.87268382948052	47.79690589649801	-1494.2047119140625
0.3470582611120442	-125.87339110815853	47.79652488569314	-1493.27392578125
0.3478616367164702	-125.87409838683654	47.796143874888266	-1490.4427490234375
0.3486650123208962	-125.87480566551454	47.7957628640834	-1488.2645263671875
0.34946838792532225	-125.87551294419255	47.79538185327853	-1486.201416015625
0.35027176352974826	-125.87622022287054	47.79500084247366	-1485.2242431640625
0.3510751391341743	-125.87692750154855	47.79461983166879	-1483.9798583984375
0.3518785147386003	-125.87763478022656	47.794238820863924	-1484.0
0.3526818903430264	-125.87834205890456	47.79385781005905	-1485.0
0.3534852659474524	-125.87904933758257	47.79347679925419	-1486.0697021484375
0.3542886415518784	-125.87975661626058	47.793095788449314	-1490.0469970703125
0.35509201715630445	-125.88046389493857	47.79271477764445	-1492.2757568359375
0.35589539276073046	-125.88117117361658	47.792333766839576	-1493.256103515625
0.3566987683651565	-125.88187845229459	47.7919527560347	-1498.331298828125
0.3575021439695825	-125.8825857309726	47.79157174522984	-1499.3099365234375
0.3583055195740086	-125.8832930096506	47.791190734424966	-1500.5625
0.3591088951784346	-125.8840002883286	47.7908097236201	-1502.2720947265625
0.3599122707828606	-125.8847075670066	47.79042871281523	-1508.0
0.36071564638728665	-125.88541484568461	47.79004770201036	-1511.0281982421875
0.36151902199171265	-125.88612212436261	47.78966669120549	-1513.342041015625
0.3623223975961387	-125.88682940304062	47.789285680400624	-1514.2882080078125
0.3631257732005647	-125.88753668171861	47.78890466959575	-1513.3353271484375
0.3639291488049908	-125.88824396039662	47.788523658790886	-1511.5927734375
0.3647325244094168	-125.88895123907463	47.788142647986014	-1510.6009521484375
0.36553590001384284	-125.88965851775264	47.78776163718114	-1509.8399658203125
0.36633927561826884	-125.89036579643064	47.787380626376276	-1507.7783203125
0.36714265122269485	-125.89107307510865	47.7869996155714	-1506.9730224609375
0.3679460268271209	-125.89178035378664	47.78661860476654	-1509.926025390625
0.3687494024315469	-125.89248763246465	47.786237593961665	-1514.6790771484375
0.369552778035973	-125.89319491114266	47.7858565831568	-1520.7105712890625
0.370356153640399	-125.89390218982066	47.78547557235193	-1526.744873046875
0.37115952924482504	-125.89460946849867	47.78509456154706	-1532.4444580078125
0.37196290484925104	-125.89531674717666	47.78471355074219	-1530.7489013671875
0.37276628045367705	-125.89602402585467	47.784332539937324	-1526.95068359375
0.3735696560581031	-125.89673130453268	47.78395152913245	-1526.617431640625
0.3743730316625291	-125.89743858321069	47.78357051832758	-1529.0738525390625
0.37517640726695517	-125.8981458618887	47.783189507522714	-1534.0411376953125
0.3759797828713812	-125.89885314056669	47.78280849671784	-1538.0
0.37678315847580723	-125.8995604192447	47.782427485912976	-1542.0426025390625
0.37758653408023324	-125.9002676979227	47.7820464751081	-1543.043212890625
0.37838990968465924	-125.90097497660071	47.78166546430324	-1544.263671875
0.3791932852890853	-125.90168225527871	47.781284453498365	-1545.904541015625
0.3799966608935113	-125.90238953395672	47.7809034426935	-1545.150146484375
0.38080003649793737	-125.90309681263471	47.78052243188863	-1544.755859375
0.38160341210236337	-125.90380409131272	47.78014142108376	-1544.8094482421875
0.38240678770678943	-125.90451136999073	47.77976041027889	-1545.2852783203125
0.38321016331121543	-125.90521864866874	47.779379399474024	-1542.5771484375
0.38401353891564144	-125.90592592734674	47.77899838866915	-1539.569580078125
0.3848169145200675	-125.90663320602474	47.77861737786428	-1542.603271484375
0.3856202901244935	-125.90734048470274	47.778236367059414	-1547.0025634765625
0.38642366572891956	-125.90804776338075	47.77785535625454	-1553.7479248046875
0.38722704133334557	-125.90875504205876	47.777474345449676	-1563.48681640625
0.3880304169377716	-125.90946232073676	47.7770933346448	-1580.29931640625
0.38883379254219763	-125.91016959941476	47.77671232383994	-1593.0072021484375
0.38963716814662364	-125.91087687809276	47.776331313035065	-1607.8470458984375
0.3904405437510497	-125.91158415677077	47.7759503022302	-1626.8056640625
0.3912439193554757	-125.91229143544878	47.77556929142533	-1636.6619873046875
0.39204729495990176	-125.91299871412679	47.77518828062046	-1639.8865966796875
0.39285067056432776	-125.9137059928048	47.77480726981559	-1638.974853515625
0.3936540461687538	-125.91441327148279	47.77442625901072	-1639.0362548828125
0.39445742177317983	-125.9151205501608	47.77404524820585	-1637.95263671875
0.39526079737760583	-125.9158278288388	47.77366423740098	-1639.057861328125
0.3960641729820319	-125.91653510751681	47.773283226596114	-1640.4461669921875
0.3968675485864579	-125.91724238619481	47.77290221579124	-1637.9326171875
0.39767092419088396	-125.91794966487281	47.772521204986376	-1633.198974609375
0.39847429979530996	-125.91865694355081	47.7721401941815	-1629.166259765625
0.399277675399736	-125.91936422222882	47.77175918337664	-1627.53662109375
0.400081051004162	-125.92007150090683	47.771378172571765	-1625.485107421875
0.40088442660858803	-125.92077877958484	47.7709971617669	-1624.4373779296875
0.4016878022130141	-125.92148605826284	47.77061615096203	-1625.5672607421875
0.4024911778174401	-125.92219333694084	47.770235140157155	-1625.997802734375
0.40329455342186615	-125.92290061561884	47.76985412935229	-1626.9967041015625
0.40409792902629216	-125.92360789429685	47.76947311854742	-1628.0601806640625
0.4049013046307182	-125.92431517297486	47.76909210774255	-1628.9349365234375
0.4057046802351442	-125.92502245165286	47.76871109693768	-1629.532958984375
0.4065080558395702	-125.92572973033086	47.76833008613281	-1630.0
0.4073114314439963	-125.92643700900886	47.76794907532794	-1630.9912109375
0.4081148070484223	-125.92714428768687	47.767568064523076	-1630.9329833984375
0.40891818265284835	-125.92785156636488	47.7671870537182	-1631.0
0.40972155825727435	-125.92855884504289	47.76680604291334	-1631.0
0.4105249338617004	-125.92926612372088	47.766425032108465	-1631.634765625
0.4113283094661264	-125.92997340239889	47.76604402130359	-1630.9312744140625
0.4121316850705524	-125.9306806810769	47.76566301049873	-1632.0538330078125
0.4129350606749785	-125.9313879597549	47.765281999693855	-1632.0
0.4137384362794045	-125.93209523843291	47.76490098888899	-1632.0
0.41454181188383055	-125.93280251711091	47.76451997808412	-1631.59423828125
0.41534518748825655	-125.93350979578891	47.76413896727925	-1630.98046875
0.4161485630926826	-125.93421707446691	47.76375795647438	-1629.534423828125
0.4169519386971086	-125.93492435314492	47.76337694566951	-1628.58935546875
0.4177553143015346	-125.93563163182293	47.76299593486464	-1627.6221923828125
0.4185586899059607	-125.93633891050094	47.762614924059775	-1627.627685546875
0.4193620655103867	-125.93704618917893	47.7622339132549	-1627.0
0.42016544111481274	-125.93775346785694	47.76185290245003	-1626.6387939453125
0.42096881671923875	-125.93846074653494	47.761471891645165	-1625.0452880859375
0.4217721923236648	-125.93916802521295	47.76109088084029	-1624.0
0.4225755679280908	-125.93987530389096	47.76070987003543	-1623.0
0.4233789435325168	-125.94058258256895	47.760328859230555	-1623.04296875
0.4241823191369429	-125.94128986124696	47.75994784842569	-1622.0
0.4249856947413689	-125.94199713992496	47.75956683762082	-1622.3280029296875
0.42578907034579494	-125.94270441860297	47.75918582681595	-1623.0
0.42659244595022094	-125.94341169728098	47.75880481601108	-1623.0
0.427395821554647	-125.94411897595899	47.75842380520621	-1622.7276611328125
0.428199197159073	-125.94482625463698	47.75804279440134	-1621.46484375
0.429002572763499	-125.94553353331499	47.757661783596475	-1619.400146484375
0.4298059483679251	-125.946240811993	47.7572807727916	-1618.409423828125
0.4306093239723511	-125.946948090671	47.75689976198673	-1616.30859375
0.43141269957677714	-125.94765536934901	47.756518751181865	-1614.3541259765625
0.43221607518120314	-125.948362648027	47.75613774037699	-1607.2550048828125
0.4330194507856292	-125.94906992670501	47.75575672957213	-1600.8184814453125
0.4338228263900552	-125.94977720538301	47.755375718767255	-1595.13623046875
0.4346262019944812	-125.95048448406102	47.75499470796239	-1591.5948486328125
0.43542957759890727	-125.95119176273903	47.75461369715752	-1580.21728515625
0.4362329532033333	-125.95189904141702	47.75423268635265	-1578.08349609375
0.43703632880775933	-125.95260632009503	47.75385167554778	-1576.0164794921875
0.43783970441218534	-125.95331359877304	47.75347066474291	-1561.2337646484375
0.4386430800166114	-125.95402087745104	47.75308965393804	-1560.3504638671875
0.4394464556210374	-125.95472815612905	47.75270864313317	-1556.785400390625
0.4402498312254634	-125.95543543480706	47.7523276323283	-1555.7733154296875
0.44105320682988947	-125.95614271348505	47.75194662152343	-1521.45458984375
0.44185658243431547	-125.95684999216306	47.751565610718565	-1508.3326416015625
0.44265995803874153	-125.95755727084106	47.75118459991369	-1499.4481201171875
0.44346333364316753	-125.95826454951907	47.75080358910883	-1480.881591796875
0.4442667092475936	-125.95897182819708	47.750422578303954	-1474.5543212890625
0.4450700848520196	-125.95967910687507	47.75004156749909	-1469.328125
0.4458734604564456	-125.96038638555308	47.74966055669422	-1464.904296875
0.44667683606087166	-125.96109366423109	47.74927954588935	-1460.7921142578125
0.44748021166529767	-125.9618009429091	47.74889853508448	-1460.6405029296875
0.4482835872697237	-125.9625082215871	47.748517524279606	-1460.393310546875
0.44908696287414973	-125.9632155002651	47.74813651347474	-1461.507080078125
0.4498903384785758	-125.9639227789431	47.74775550266987	-1461.483154296875
0.4506937140830018	-125.96463005762111	47.747374491865	-1462.7152099609375
0.4514970896874278	-125.96533733629911	47.74699348106013	-1463.9202880859375
0.45230046529185386	-125.96604461497712	47.746612470255265	-1469.03759765625
0.45310384089627986	-125.96675189365513	47.74623145945039	-1472.5699462890625
0.4539072165007059	-125.96745917233312	47.74585044864553	-1478.5250244140625
0.4547105921051319	-125.96816645101113	47.745469437840654	-1486.585205078125
0.455513967709558	-125.96887372968914	47.74508842703579	-1492.535888671875
0.456317343313984	-125.96958100836714	47.744707416230916	-1497.339111328125
0.45712071891841	-125.97028828704515	47.744326405426044	-1503.0809326171875
0.45792409452283606	-125.97099556572314	47.74394539462118	-1511.0926513671875
0.45872747012726206	-125.97170284440115	47.743564383816306	-1516.08935546875
0.4595308457316881	-125.97241012307916	47.74318337301144	-1521.140380859375
0.4603342213361141	-125.97311740175716	47.74280236220657	-1528.1448974609375
0.4611375969405402	-125.97382468043517	47.7424213514017	-1531.1400146484375
0.4619409725449662	-125.97453195911316	47.74204034059683	-1535.137451171875
0.46274434814939225	-125.97523923779117	47.741659329791965	-1537.1319580078125
0.46354772375381825	-125.97594651646918	47.74127831898709	-1541.0465087890625
0.46435109935824426	-125.97665379514719	47.74089730818223	-1542.0
0.4651544749626703	-125.9773610738252	47.740516297377354	-1542.9281005859375
0.4659578505670963	-125.9780683525032	47.74013528657248	-1543.894775390625
0.4667612261715224	-125.9787756311812	47.739754275767616	-1543.8997802734375
0.4675646017759484	-125.9794829098592	47.739373264962744	-1542.90478515625
0.46836797738037445	-125.98019018853721	47.73899225415788	-1542.890625
0.46917135298480045	-125.98089746721521	47.738611243353006	-1541.9676513671875
0.46997472858922645	-125.98160474589322	47.73823023254814	-1543.0029296875
0.4707781041936525	-125.98231202457121	47.73784922174327	-1544.95703125
0.4715814797980785	-125.98301930324922	47.7374682109384	-1547.9322509765625
0.4723848554025046	-125.98372658192723	47.73708720013353	-1547.8720703125
0.4731882310069306	-125.98443386060524	47.736706189328665	-1545.880126953125
0.47399160661135664	-125.98514113928324	47.73632517852379	-1543.8902587890625
0.47479498221578265	-125.98584841796124	47.73594416771892	-1540.901611328125
0.47559835782020865	-125.98655569663924	47.735563156914054	-1537.8863525390625
0.4764017334246347	-125.98726297531725	47.73518214610918	-1534.8812255859375
0.4772051090290607	-125.98797025399526	47.734801135304316	-1533.9119873046875
0.4780084846334868	-125.98867753267326	47.734420124499444	-1531.9273681640625
0.4788118602379128	-125.98938481135127	47.73403911369458	-1531.9381103515625
0.47961523584233884	-125.99009209002926	47.733658102889706	-1530.9615478515625
0.48041861144676484	-125.99079936870727	47.73327709208484	-1530.9791259765625
0.48122198705119085	-125.99150664738528	47.73289608127997	-1530.9866943359375
0.4820253626556169	-125.99221392606329	47.7325150704751	-1531.9942626953125
0.4828287382600429	-125.9929212047413	47.73213405967023	-1534.0013427734375
0.48363211386446897	-125.99362848341929	47.731753048865365	-1533.0172119140625
0.484435489468895	-125.9943357620973	47.73137203806049	-1533.0247802734375
0.48523886507332104	-125.9950430407753	47.73099102725562	-1532.03369140625
0.48604224067774704	-125.99575031945331	47.730610016450754	-1532.0546875
0.48684561628217304	-125.99645759813131	47.73022900564588	-1532.0318603515625
0.4876489918865991	-125.99716487680931	47.729847994841016	-1533.0374755859375
0.4884523674910251	-125.99787215548731	47.729466984036144	-1537.0435791015625
0.48925574309545117	-125.99857943416532	47.72908597323128	-1537.0479736328125
0.49005911869987717	-125.99928671284333	47.728704962426406	-1537.0517578125
0.49086249430430323	-125.99999399152134	47.72832395162154	-1536.0924072265625
0.49166586990872924	-126.00070127019934	47.72794294081667	-1536.1011962890625
0.49246924551315524	-126.00140854887734	47.7275619300118	-1536.1099853515625
0.4932726211175813	-126.00211582755534	47.72718091920693	-1536.071533203125
0.4940759967220073	-126.00282310623335	47.72679990840206	-1538.1614990234375
0.49487937232643336	-126.00353038491136	47.72641889759719	-1537.1690673828125
0.49568274793085937	-126.00423766358936	47.72603788679232	-1536.1424560546875
0.49648612353528543	-126.00494494226736	47.725656875987454	-1535.1512451171875
0.49728949913971143	-126.00565222094536	47.72527586518258	-1535.136474609375
0.49809287474413744	-126.00635949962337	47.724894854377716	-1533.1739501953125
0.4988962503485635	-126.00706677830138	47.72451384357284	-1531.2218017578125
0.4996996259529895	-126.00777405697939	47.72413283276798	-1528.232421875
0.5005030015574156	-126.0084813356574	47.723751821963106	-1527.16845703125
0.5013063771618416	-126.00918861433539	47.72337081115824	-1526.168212890625
0.5021097527662676	-126.0098958930134	47.72298980035337	-1525.2069091796875
0.5029131283706936	-126.0106031716914	47.722608789548495	-1523.2156982421875
0.5037165039751197	-126.01131045036941	47.72222777874363	-1521.233154296875
0.5045198795795457	-126.01201772904741	47.72184676793876	-1520.1387939453125
0.5053232551839717	-126.01272500772541	47.72146575713389	-1520.1435546875
0.5061266307883977	-126.01343228640341	47.72108474632902	-1519.1068115234375
0.5069300063928238	-126.01413956508142	47.720703735524154	-1519.1695556640625
0.5077333819972498	-126.01484684375943	47.72032272471928	-1521.1749267578125
0.5085367576016758	-126.01555412243744	47.719941713914416	-1522.1802978515625
0.5093401332061018	-126.01626140111543	47.71956070310954	-1524.1241455078125
0.5101435088105278	-126.01696867979344	47.71917969230468	-1526.9852294921875
0.510946884414954	-126.01767595847144	47.718798681499806	-1531.9844970703125
0.51175026001938	-126.01838323714945	47.71841767069493	-1533.9837646484375
0.512553635623806	-126.01909051582746	47.71803665989007	-1537.065185546875
0.513357011228232	-126.01979779450546	47.717655649085195	-1541.2305908203125
0.5141603868326581	-126.02050507318346	47.71727463828033	-1543.0
0.5149637624370841	-126.02121235186146	47.71689362747546	-1544.9326171875
0.5157671380415101	-126.02191963053947	47.71651261667059	-1547.750732421875
0.5165705136459361	-126.02262690921748	47.71613160586572	-1551.69677734375
0.5173738892503621	-126.02333418789549	47.715750595060854	-1555.690673828125
0.5181772648547882	-126.02404146657348	47.71536958425598	-1560.5562744140625
0.5189806404592142	-126.02474874525149	47.714988573451116	-1566.7491455078125
0.5197840160636402	-126.0254560239295	47.71460756264624	-1569.6727294921875
0.5205873916680662	-126.0261633026075	47.71422655184137	-1573.8348388671875
0.5213907672724922	-126.02687058128551	47.713845541036505	-1576.0262451171875
0.5221941428769183	-126.0275778599635	47.71346453023163	-1582.79931640625
0.5229975184813443	-126.02828513864151	47.71308351942677	-1584.334228515625
0.5238008940857704	-126.02899241731951	47.712702508621895	-1584.283935546875
0.5246042696901964	-126.02969969599752	47.71232149781703	-1587.2894287109375
0.5254076452946225	-126.03040697467553	47.71194048701216	-1588.294921875
0.5262110208990485	-126.03111425335354	47.71155947620729	-1589.0419921875
0.5270143965034745	-126.03182153203153	47.71117846540242	-1590.07373046875
0.5278177721079005	-126.03252881070954	47.710797454597554	-1592.7225341796875
0.5286211477123265	-126.03323608938754	47.71041644379268	-1594.716064453125
0.5294245233167526	-126.03394336806555	47.710035432987816	-1596.6356201171875
0.5302278989211786	-126.03465064674356	47.70965442218294	-1600.740234375
0.5310312745256046	-126.03535792542155	47.70927341137807	-1601.6966552734375
0.5318346501300306	-126.03606520409956	47.708892400573205	-1602.6900634765625
0.5326380257344566	-126.03677248277756	47.70851138976833	-1602.926025390625
0.5334414013388827	-126.03747976145557	47.70813037896347	-1606.0408935546875
0.5342447769433087	-126.03818704013358	47.707749368158595	-1608.115478515625
0.5350481525477347	-126.03889431881157	47.70736835735373	-1608.41015625
0.5358515281521607	-126.03960159748958	47.70698734654886	-1608.4464111328125
0.5366549037565869	-126.04030887616759	47.70660633574399	-1607.7288818359375
0.5374582793610129	-126.0410161548456	47.70622532493912	-1607.3388671875
0.5382616549654389	-126.0417234335236	47.705844314134254	-1607.4625244140625
0.5390650305698649	-126.04243071220161	47.70546330332938	-1605.276123046875
0.5398684061742909	-126.0431379908796	47.70508229252451	-1604.9517822265625
0.540671781778717	-126.04384526955761	47.70470128171964	-1606.0
0.541475157383143	-126.04455254823561	47.70432027091477	-1608.0
0.542278532987569	-126.04525982691362	47.703939260109905	-1609.0
0.543081908591995	-126.04596710559163	47.70355824930503	-1610.5946044921875
0.543885284196421	-126.04667438426962	47.70317723850017	-1612.64013671875
0.5446886598008471	-126.04738166294763	47.702796227695295	-1615.1229248046875
0.5454920354052731	-126.04808894162564	47.70241521689043	-1615.06884765625
0.5462954110096991	-126.04879622030364	47.70203420608556	-1614.4337158203125
0.5470987866141251	-126.04950349898165	47.70165319528069	-1617.0560302734375
0.5479021622185513	-126.05021077765964	47.70127218447582	-1618.0
0.5487055378229773	-126.05091805633765	47.700891173670946	-1620.1243896484375
0.5495089134274033	-126.05162533501566	47.70051016286608	-1621.0
0.5503122890318293	-126.05233261369366	47.70012915206121	-1624.4586181640625
0.5511156646362553	-126.05303989237167	47.69974814125634	-1628.0291748046875
0.5519190402406814	-126.05374717104968	47.69936713045147	-1631.570556640625
0.5527224158451074	-126.05445444972767	47.698986119646605	-1634.0
0.5535257914495334	-126.05516172840568	47.69860510884173	-1633.9381103515625
0.5543291670539594	-126.05586900708369	47.69822409803687	-1635.4873046875
0.5551325426583854	-126.0565762857617	47.697843087231995	-1636.47998046875
0.5559359182628115	-126.0572835644397	47.69746207642713	-1638.4727783203125
0.5567392938672375	-126.0579908431177	47.69708106562226	-1639.465576171875
0.5575426694716635	-126.0586981217957	47.696700054817384	-1640.458251953125
0.5583460450760895	-126.05940540047371	47.69631904401252	-1642.460693359375
0.5591494206805157	-126.06011267915171	47.695938033207646	-1644.5113525390625
0.5599527962849417	-126.06081995782972	47.69555702240278	-1644.9444580078125
0.5607561718893677	-126.06152723650771	47.69517601159791	-1645.9453125
0.5615595474937937	-126.06223451518572	47.69479500079304	-1649.0538330078125
0.5623629230982197	-126.06294179386373	47.69441398998817	-1650.7080078125
0.5631662987026458	-126.06364907254174	47.694032979183305	-1651.052001953125
0.5639696743070718	-126.06435635121974	47.69365196837843	-1652.0706787109375
0.5647730499114978	-126.06506362989775	47.69327095757357	-1652.071044921875
0.5655764255159238	-126.06577090857574	47.692889946768695	-1651.6142578125
0.5663798011203498	-126.06647818725375	47.69250893596382	-1650.646240234375
0.5671831767247759	-126.06718546593176	47.69212792515896	-1644.2076416015625
0.5679865523292019	-126.06789274460976	47.691746914354084	-1637.9278564453125
0.5687899279336279	-126.06860002328777	47.69136590354922	-1631.27685546875
0.5695933035380539	-126.06930730196576	47.690984892744346	-1622.5484619140625
0.57039667914248	-126.07001458064377	47.69060388193948	-1619.16796875
0.571200054746906	-126.07072185932178	47.69022287113461	-1617.2979736328125
0.572003430351332	-126.07142913799979	47.68984186032974	-1614.8856201171875
0.5728068059557581	-126.0721364166778	47.68946084952487	-1613.8272705078125
0.5736101815601841	-126.07284369535579	47.689079838720005	-1603.33251953125
0.5744135571646102	-126.0735509740338	47.68869882791513	-1583.1103515625
0.5752169327690362	-126.0742582527118	47.68831781711026	-1547.2960205078125
0.5760203083734622	-126.07496553138981	47.687936806305395	-1526.0018310546875
0.5768236839778882	-126.07567281006781	47.68755579550052	-1513.08056640625
0.5776270595823142	-126.07638008874582	47.68717478469566	-1503.579833984375
0.5784304351867403	-126.07708736742381	47.686793773890784	-1501.8525390625
0.5792338107911663	-126.07779464610182	47.68641276308592	-1501.667724609375
0.5800371863955923	-126.07850192477983	47.686031752281046	-1501.7479248046875
0.5808405620000183	-126.07920920345784	47.68565074147618	-1501.0296630859375
0.5816439376044444	-126.07991648213584	47.68526973067131	-1500.7901611328125
0.5824473132088704	-126.08062376081384	47.68488871986644	-1501.7957763671875
0.5832506888132964	-126.08133103949184	47.68450770906157	-1501.6842041015625
0.5840540644177225	-126.08203831816985	47.684126698256705	-1499.6640625
0.5848574400221485	-126.08274559684786	47.68374568745183	-1498.692138671875
0.5856608156265746	-126.08345287552586	47.68336467664696	-1499.20556640625
0.5864641912310006	-126.08416015420386	47.682983665842094	-1500.9300537109375
0.5872675668354266	-126.08486743288186	47.68260265503722	-1501.7598876953125
0.5880709424398526	-126.08557471155987	47.68222164423236	-1501.697265625
0.5888743180442786	-126.08628199023788	47.681840633427484	-1502.7720947265625
0.5896776936487047	-126.08698926891589	47.68145962262262	-1502.86572265625
0.5904810692531307	-126.0876965475939	47.681078611817746	-1505.8323974609375
0.5912844448575567	-126.08840382627189	47.68069760101288	-1508.0
0.5920878204619827	-126.0891111049499	47.68031659020801	-1511.951904296875
0.5928911960664088	-126.0898183836279	47.67993557940314	-1512.7869873046875
0.5936945716708348	-126.09052566230591	47.67955456859827	-1512.8624267578125
0.5944979472752608	-126.09123294098391	47.6791735577934	-1514.1317138671875
0.5953013228796868	-126.09194021966191	47.67879254698853	-1516.0
0.5961046984841128	-126.09264749833991	47.67841153618366	-1517.891357421875
0.596908074088539	-126.09335477701792	47.678030525378794	-1517.8853759765625
0.597711449692965	-126.09406205569593	47.67764951457392	-1517.053955078125
0.598514825297391	-126.09476933437394	47.67726850376906	-1518.00927734375
0.599318200901817	-126.09547661305194	47.676887492964184	-1516.8060302734375
0.600121576506243	-126.09618389172994	47.67650648215932	-1514.635986328125
0.6009249521106691	-126.09689117040794	47.676125471354446	-1511.6046142578125
0.6017283277150951	-126.09759844908595	47.67574446054958	-1508.7537841796875
0.6025317033195211	-126.09830572776396	47.67536344974471	-1506.7662353515625
0.6033350789239471	-126.09901300644196	47.674982438939836	-1504.8509521484375
0.6041384545283732	-126.09972028511996	47.67460142813497	-1502.8585205078125
0.6049418301327992	-126.10042756379796	47.6742204173301	-1501.8392333984375
0.6057452057372252	-126.10113484247597	47.67383940652523	-1498.904296875
0.6065485813416512	-126.10184212115398	47.67345839572036	-1496.9642333984375
0.6073519569460772	-126.10254939983199	47.673077384915494	-1495.9542236328125
0.6081553325505034	-126.10325667850998	47.67269637411062	-1493.9293212890625
0.6089587081549294	-126.10396395718799	47.672315363305756	-1487.970947265625
0.6097620837593554	-126.104671235866	47.671934352500884	-1485.9644775390625
0.6105654593637814	-126.105378514544	47.67155334169602	-1482.9443359375
0.6113688349682074	-126.10608579322201	47.671172330891146	-1477.9302978515625
0.6121722105726335	-126.10679307190001	47.67079132008627	-1474.96337890625
0.6129755861770595	-126.10750035057801	47.67041030928141	-1472.9488525390625
0.6137789617814855	-126.10820762925601	47.670029298476535	-1469.9892578125
0.6145823373859115	-126.10891490793402	47.66964828767167	-1463.94384765625
0.6153857129903376	-126.10962218661203	47.6692672768668	-1454.951171875
0.6161890885947636	-126.11032946529004	47.66888626606193	-1436.9820556640625
0.6169924641991896	-126.11103674396803	47.66850525525706	-1407.010986328125
0.6177958398036156	-126.11174402264604	47.668124244452194	-1392.0362548828125
0.6185992154080416	-126.11245130132404	47.66774323364732	-1376.0777587890625
0.6194025910124678	-126.11315858000205	47.667362222842456	-1362.109619140625
0.6202059666168938	-126.11386585868006	47.666981212037584	-1341.1131591796875
0.6210093422213198	-126.11457313735805	47.66660020123271	-1329.1422119140625
0.6218127178257458	-126.11528041603606	47.666219190427846	-1318.1273193359375
0.6226160934301719	-126.11598769471406	47.66583817962297	-1301.1446533203125
0.6234194690345979	-126.11669497339207	47.66545716881811	-1292.156005859375
0.6242228446390239	-126.11740225207008	47.665076158013235	-1283.1827392578125
0.6250262202434499	-126.11810953074809	47.66469514720837	-1276.1605224609375
0.6258295958478759	-126.11881680942608	47.6643141364035	-1264.232421875
0.626632971452302	-126.11952408810409	47.66393312559863	-1258.1534423828125
0.627436347056728	-126.1202313667821	47.66355211479376	-1253.079345703125
0.628239722661154	-126.1209386454601	47.663171103988894	-1245.054443359375
0.62904309826558	-126.12164592413811	47.66279009318402	-1242.932373046875
0.629846473870006	-126.1223532028161	47.662409082379156	-1240.0050048828125
0.6306498494744321	-126.12306048149411	47.662028071574284	-1237.0
0.6314532250788581	-126.12376776017211	47.66164706076941	-1232.0062255859375
0.6322566006832842	-126.12447503885012	47.661266049964546	-1229.958984375
0.6330599762877102	-126.12518231752813	47.66088503915967	-1228.8189697265625
0.6338633518921363	-126.12588959620612	47.66050402835481	-1228.629150390625
0.6346667274965623	-126.12659687488413	47.660123017549935	-1231.4571533203125
0.6354701031009883	-126.12730415356214	47.65974200674507	-1235.556640625
0.6362734787054143	-126.12801143224014	47.6593609959402	-1239.5274658203125
0.6370768543098403	-126.12871871091815	47.65897998513533	-1243.740478515625
0.6378802299142664	-126.12942598959616	47.65859897433046	-1246.835693359375
0.6386836055186924	-126.13013326827415	47.658217963525594	-1246.9525146484375
0.6394869811231184	-126.13084054695216	47.65783695272072	-1248.0146484375
0.6402903567275444	-126.13154782563016	47.65745594191585	-1249.0
0.6410937323319704	-126.13225510430817	47.657074931110984	-1250.9737548828125
0.6418971079363965	-126.13296238298618	47.65669392030611	-1249.5203857421875
0.6427004835408225	-126.13366966166417	47.656312909501246	-1249.8194580078125
0.6435038591452485	-126.13437694034218	47.65593189869637	-1246.2894287109375
0.6443072347496746	-126.13508421902019	47.65555088789151	-1241.94677734375
0.6451106103541007	-126.1357914976982	47.655169877086635	-1241.640380859375
0.6459139859585267	-126.1364987763762	47.65478886628177	-1240.324462890625
0.6467173615629527	-126.1372060550542	47.6544078554769	-1240.8829345703125
0.6475207371673787	-126.1379133337322	47.65402684467203	-1242.4140625
0.6483241127718047	-126.13862061241021	47.65364583386716	-1246.714599609375
0.6491274883762308	-126.13932789108821	47.65326482306229	-1250.4847412109375
0.6499308639806568	-126.14003516976622	47.65288381225742	-1252.404296875
0.6507342395850828	-126.14074244844423	47.65250280145255	-1255.8284912109375
0.6515376151895088	-126.14144972712222	47.65212179064768	-1257.882568359375
0.6523409907939348	-126.14215700580023	47.65174077984281	-1259.542236328125
0.6531443663983609	-126.14286428447824	47.651359769037946	-1262.5499267578125
0.6539477420027869	-126.14357156315624	47.65097875823307	-1263.7513427734375
0.6547511176072129	-126.14427884183425	47.65059774742821	-1264.69677734375
0.655554493211639	-126.14498612051224	47.650216736623335	-1265.269287109375
0.6563578688160651	-126.14569339919025	47.64983572581847	-1270.0728759765625
0.6571612444204911	-126.14640067786826	47.6494547150136	-1274.890869140625
0.6579646200249171	-126.14710795654626	47.649073704208725	-1281.4730224609375
0.6587679956293431	-126.14781523522427	47.64869269340386	-1296.23779296875
0.6595713712337691	-126.14852251390226	47.64831168259899	-1305.75732421875
0.6603747468381952	-126.14922979258027	47.64793067179412	-1313.220947265625
0.6611781224426212	-126.14993707125828	47.64754966098925	-1320.3775634765625
0.6619814980470472	-126.15064434993629	47.64716865018438	-1336.150634765625
0.6627848736514732	-126.1513516286143	47.64678763937951	-1347.971435546875
0.6635882492558992	-126.1520589072923	47.646406628574645	-1361.531982421875
0.6643916248603253	-126.1527661859703	47.64602561776977	-1383.156982421875
0.6651950004647513	-126.1534734646483	47.64564460696491	-1394.8157958984375
0.6659983760691773	-126.15418074332631	47.645263596160035	-1404.0252685546875
0.6668017516736033	-126.15488802200431	47.64488258535516	-1412.3116455078125
0.6676051272780295	-126.15559530068232	47.6445015745503	-1425.808837890625
0.6684085028824555	-126.15630257936031	47.644120563745425	-1433.1973876953125
0.6692118784868815	-126.15700985803832	47.64373955294056	-1441.22021484375
0.6700152540913075	-126.15771713671633	47.64335854213569	-1457.0443115234375
0.6708186296957335	-126.15842441539434	47.64297753133082	-1465.3424072265625
0.6716220053001596	-126.15913169407234	47.64259652052595	-1472.272705078125
0.6724253809045856	-126.15983897275034	47.64221550972108	-1477.5523681640625
0.6732287565090116	-126.16054625142834	47.64183449891621	-1482.1207275390625
0.6740321321134376	-126.16125353010635	47.641453488111345	-1482.9674072265625
0.6748355077178636	-126.16196080878436	47.64107247730647	-1482.6610107421875
0.6756388833222897	-126.16266808746236	47.64069146650161	-1481.1634521484375
0.6764422589267157	-126.16337536614037	47.640310455696735	-1480.225341796875
0.6772456345311417	-126.16408264481836	47.63992944489186	-1478.693359375
0.6780490101355677	-126.16478992349637	47.639548434087	-1477.1009521484375
0.6788523857399938	-126.16549720217438	47.639167423282125	-1474.876953125
0.6796557613444199	-126.16620448085239	47.63878641247726	-1473.381591796875
0.6804591369488459	-126.1669117595304	47.63840540167239	-1472.281982421875
0.6812625125532719	-126.16761903820839	47.63802439086752	-1468.4666748046875
0.6820658881576979	-126.1683263168864	47.63764338006265	-1469.179931640625
0.682869263762124	-126.1690335955644	47.63726236925778	-1469.09765625
0.68367263936655	-126.16974087424241	47.63688135845291	-1468.9058837890625
0.684476014970976	-126.17044815292041	47.636500347648045	-1464.368408203125
0.685279390575402	-126.17115543159841	47.63611933684317	-1462.667236328125
0.686082766179828	-126.17186271027641	47.6357383260383	-1460.4796142578125
0.6868861417842541	-126.17256998895442	47.635357315233435	-1454.8668212890625
0.6876895173886801	-126.17327726763243	47.63497630442856	-1454.781005859375
0.6884928929931061	-126.17398454631044	47.6345952936237	-1455.6510009765625
0.6892962685975321	-126.17469182498844	47.634214282818824	-1457.603759765625
0.6900996442019582	-126.17539910366644	47.63383327201396	-1465.482177734375
0.6909030198063842	-126.17610638234444	47.63345226120909	-1471.4927978515625
0.6917063954108102	-126.17681366102245	47.63307125040422	-1479.1419677734375
0.6925097710152363	-126.17752093970046	47.63269023959935	-1497.0419921875
0.6933131466196623	-126.17822821837846	47.63230922879448	-1509.731689453125
0.6941165222240884	-126.17893549705646	47.63192821798961	-1524.818359375
0.6949198978285144	-126.17964277573446	47.63154720718474	-1542.667236328125
0.6957232734329404	-126.18035005441247	47.63116619637987	-1581.0538330078125
0.6965266490373664	-126.18105733309048	47.630785185575	-1602.8970947265625
0.6973300246417924	-126.18176461176849	47.630404174770135	-1628.71533203125
0.6981334002462185	-126.1824718904465	47.63002316396526	-1686.2784423828125
0.6989367758506445	-126.18317916912449	47.6296421531604	-1722.10986328125
0.6997401514550705	-126.1838864478025	47.629261142355524	-1755.4619140625
0.7005435270594965	-126.1845937264805	47.62888013155066	-1782.6728515625
0.7013469026639226	-126.18530100515851	47.628499120745786	-1822.352783203125
0.7021502782683486	-126.18600828383651	47.62811810994092	-1831.83447265625
0.7029536538727746	-126.18671556251451	47.62773709913605	-1833.56689453125
0.7037570294772006	-126.18742284119251	47.627356088331176	-1827.9981689453125
0.7045604050816267	-126.18813011987052	47.62697507752631	-1831.386962890625
0.7053637806860528	-126.18883739854853	47.62659406672144	-1839.94482421875
0.7061671562904788	-126.18954467722654	47.62621305591657	-1852.3812255859375
0.7069705318949048	-126.19025195590453	47.6258320451117	-1885.5311279296875
0.7077739074993308	-126.19095923458254	47.625451034306835	-1900.6005859375
0.7085772831037568	-126.19166651326054	47.62507002350196	-1915.134033203125
0.7093806587081829	-126.19237379193855	47.6246890126971	-1946.194580078125
0.7101840343126089	-126.19308107061656	47.624308001892224	-1961.168701171875
0.7109874099170349	-126.19378834929456	47.62392699108736	-1975.93701171875
0.7117907855214609	-126.19449562797256	47.623545980282486	-1988.6644287109375
0.712594161125887	-126.19520290665056	47.623164969477614	-2009.8009033203125
0.713397536730313	-126.19591018532857	47.62278395867275	-2018.490478515625
0.714200912334739	-126.19661746400658	47.622402947867876	-2024.5228271484375
0.715004287939165	-126.19732474268459	47.62202193706301	-2031.675048828125
0.715807663543591	-126.19803202136258	47.62164092625814	-2029.490478515625
0.7166110391480172	-126.19873930004059	47.62125991545327	-2025.2109375
0.7174144147524432	-126.1994465787186	47.6208789046484	-2017.4984130859375
0.7182177903568692	-126.2001538573966	47.620497893843535	-2007.9027099609375
0.7190211659612952	-126.20086113607461	47.62011688303866	-1996.76953125
0.7198245415657212	-126.2015684147526	47.6197358722338	-1986.591064453125
0.7206279171701473	-126.20227569343061	47.619354861428924	-1982.9111328125
0.7214312927745733	-126.20298297210861	47.61897385062405	-1979.6826171875
0.7222346683789993	-126.20369025078662	47.618592839819186	-1978.1876220703125
0.7230380439834253	-126.20439752946463	47.618211829014314	-1977.46875
0.7238414195878514	-126.20510480814264	47.61783081820945	-1981.590576171875
0.7246447951922774	-126.20581208682063	47.617449807404576	-1979.028564453125
0.7254481707967034	-126.20651936549864	47.61706879659971	-1970.3125
0.7262515464011294	-126.20722664417664	47.61668778579484	-1974.9212646484375
0.7270549220055554	-126.20793392285465	47.61630677498997	-1981.323974609375
0.7278582976099816	-126.20864120153266	47.6159257641851	-1993.0455322265625
0.7286616732144076	-126.20934848021065	47.615544753380235	-2018.27880859375
0.7294650488188336	-126.21005575888866	47.61516374257536	-2031.6903076171875
0.7302684244232596	-126.21076303756666	47.6147827317705	-2043.546142578125
0.7310718000276857	-126.21147031624467	47.614401720965624	-2052.79541015625
0.7318751756321117	-126.21217759492268	47.61402071016075	-2068.84033203125
0.7326785512365377	-126.21288487360067	47.613639699355886	-2077.993896484375
0.7334819268409637	-126.21359215227868	47.613258688551014	-2088.508056640625
0.7342853024453897	-126.21429943095669	47.61287767774615	-2110.189208984375
0.7350886780498158	-126.2150067096347	47.612496666941276	-2121.83544921875
0.7358920536542418	-126.2157139883127	47.61211565613641	-2133.603271484375
0.7366954292586678	-126.21642126699071	47.61173464533154	-2145.522216796875
0.7374988048630938	-126.2171285456687	47.61135363452667	-2166.845947265625
0.7383021804675198	-126.21783582434671	47.6109726237218	-2177.392578125
0.739105556071946	-126.21854310302471	47.610591612916934	-2186.99609375
0.739908931676372	-126.21925038170272	47.61021060211206	-2204.201904296875
0.740712307280798	-126.21995766038073	47.60982959130719	-2211.07568359375
0.741515682885224	-126.22066493905872	47.609448580502324	-2216.259521484375
0.7423190584896501	-126.22137221773673	47.60906756969745	-2219.5146484375
0.7431224340940761	-126.22207949641474	47.608686558892586	-2226.55810546875
0.7439258096985021	-126.22278677509274	47.60830554808771	-2227.45849609375
0.7447291853029281	-126.22349405377075	47.60792453728285	-2227.418701171875
0.7455325609073541	-126.22420133244874	47.607543526477976	-2230.650390625
0.7463359365117802	-126.22490861112675	47.60716251567311	-2231.4345703125
0.7471393121162062	-126.22561588980476	47.60678150486824	-2231.1357421875
0.7479426877206322	-126.22632316848276	47.60640049406337	-2229.3251953125
0.7487460633250582	-126.22703044716077	47.6060194832585	-2230.435546875
0.7495494389294842	-126.22773772583878	47.60563847245363	-2230.3408203125
0.7503528145339103	-126.22844500451677	47.60525746164876	-2231.2587890625
0.7511561901383363	-126.22915228319478	47.60487645084389	-2233.16064453125
0.7519595657427623	-126.22985956187279	47.604495440039024	-2233.907958984375
0.7527629413471884	-126.2305668405508	47.60411442923415	-2234.107666015625
0.7535663169516145	-126.2312741192288	47.603733418429286	-2234.02001953125
0.7543696925560405	-126.2319813979068	47.60335240762441	-2232.326416015625
0.7551730681604665	-126.2326886765848	47.60297139681955	-2230.68896484375
0.7559764437648925	-126.23339595526281	47.602590386014676	-2228.146240234375
0.7567798193693185	-126.23410323394081	47.60220937520981	-2224.62060546875
0.7575831949737446	-126.23481051261882	47.60182836440494	-2224.0537109375
0.7583865705781706	-126.23551779129681	47.601447353600065	-2224.13134765625
0.7591899461825966	-126.23622506997482	47.6010663427952	-2224.224609375
0.7599933217870226	-126.23693234865283	47.60068533199033	-2226.70703125
0.7607966973914486	-126.23763962733084	47.60030432118546	-2229.281005859375
0.7616000729958747	-126.23834690600884	47.59992331038059	-2232.998046875
0.7624034486003007	-126.23905418468685	47.599542299575724	-2242.89404296875
0.7632068242047267	-126.23976146336484	47.59916128877085	-2248.15673828125
0.7640101998091527	-126.24046874204285	47.598780277965986	-2253.7724609375
0.7648135754135789	-126.24117602072086	47.59839926716111	-2260.312255859375
0.7656169510180049	-126.24188329939886	47.59801825635625	-2271.95556640625
0.7664203266224309	-126.24259057807687	47.597637245551375	-2277.387939453125
0.7672237022268569	-126.24329785675486	47.5972562347465	-2281.505126953125
0.7680270778312829	-126.24400513543287	47.59687522394164	-2289.182373046875
0.768830453435709	-126.24471241411088	47.596494213136765	-2292.836181640625
0.769633829040135	-126.24541969278889	47.5961132023319	-2296.615966796875
0.770437204644561	-126.2461269714669	47.59573219152703	-2299.01806640625
0.771240580248987	-126.24683425014489	47.59535118072216	-2301.88623046875
0.772043955853413	-126.2475415288229	47.59497016991729	-2302.30908203125
0.7728473314578391	-126.2482488075009	47.594589159112424	-2302.792724609375
0.7736507070622651	-126.24895608617891	47.59420814830755	-2304.3076171875
0.7744540826666911	-126.24966336485691	47.593827137502686	-2304.7412109375
0.7752574582711171	-126.25037064353492	47.59344612669781	-2305.735107421875
0.7760608338755433	-126.25107792221291	47.59306511589294	-2307.07177734375
0.7768642094799693	-126.25178520089092	47.592684105088075	-2307.28662109375
0.7776675850843953	-126.25249247956893	47.5923030942832	-2306.9013671875
0.7784709606888213	-126.25319975824694	47.59192208347834	-2306.728515625
0.7792743362932473	-126.25390703692494	47.591541072673465	-2306.510986328125
0.7800777118976734	-126.25461431560294	47.5911600618686	-2307.4794921875
0.7808810875020994	-126.25532159428094	47.59077905106373	-2309.005859375
0.7816844631065254	-126.25602887295895	47.59039804025886	-2310.345947265625
0.7824878387109514	-126.25673615163696	47.59001702945399	-2310.03662109375
0.7832912143153774	-126.25744343031496	47.589636018649124	-2309.797607421875
0.7840945899198035	-126.25815070899296	47.58925500784425	-2309.18115234375
0.7848979655242295	-126.25885798767096	47.588873997039386	-2310.33740234375
0.7857013411286555	-126.25956526634897	47.58849298623451	-2312.683837890625
0.7865047167330815	-126.26027254502698	47.58811197542964	-2315.54296875
0.7873080923375076	-126.26097982370499	47.587730964624775	-2317.75537109375
0.7881114679419337	-126.261687102383	47.5873499538199	-2320.262939453125
0.7889148435463597	-126.26239438106099	47.58696894301504	-2321.016357421875
0.7897182191507857	-126.263101659739	47.586587932210165	-2321.697265625
0.7905215947552117	-126.263808938417	47.5862069214053	-2323.17041015625
0.7913249703596378	-126.26451621709501	47.58582591060043	-2324.76171875
0.7921283459640638	-126.26522349577301	47.58544489979556	-2325.49365234375
0.7929317215684898	-126.26593077445101	47.58506388899069	-2325.940673828125
0.7937350971729158	-126.26663805312901	47.58468287818582	-2327.9296875
0.7945384727773418	-126.26734533180702	47.58430186738095	-2328.81884765625
0.7953418483817679	-126.26805261048503	47.58392085657608	-2330.119873046875
0.7961452239861939	-126.26875988916304	47.58353984577121	-2331.867919921875
0.7969485995906199	-126.26946716784104	47.58315883496634	-2333.5947265625
0.7977519751950459	-126.27017444651904	47.582777824161475	-2335.666748046875
0.798555350799472	-126.27088172519704	47.5823968133566	-2337.490234375
0.799358726403898	-126.27158900387505	47.58201580255174	-2341.450927734375
0.800162102008324	-126.27229628255306	47.581634791746865	-2344.250244140625
0.80096547761275	-126.27300356123106	47.581253780942	-2347.397216796875
0.8017688532171761	-126.27371083990906	47.58087277013713	-2352.251220703125
0.8025722288216022	-126.27441811858706	47.58049175933226	-2355.28857421875
0.8033756044260282	-126.27512539726507	47.58011074852739	-2357.759033203125
0.8033756044260282	-126.27512539726507	47.58011074852739	-2357.759033203125
