0.0	-125.6258848088523	45.10998369216575	-2721.08984375
0.0015337768687540307	-125.62435123144735	45.11000842728518	-2721.0
0.0030675537375080613	-125.6228176540424	45.11003316240462	-2721.0498046875
0.004601330606262092	-125.62128407663744	45.11005789752405	-2718.902587890625
0.006135107475016123	-125.61975049923248	45.11008263264349	-2717.0
0.007668884343770154	-125.61821692182752	45.11010736776292	-2716.007568359375
0.009202661212524183	-125.61668334442257	45.11013210288236	-2715.9599609375
0.010736438081278214	-125.61514976701761	45.11015683800179	-2715.0
0.012270214950032245	-125.61361618961266	45.110181573121224	-2714.0
0.013803991818786276	-125.6120826122077	45.11020630824066	-2712.0
0.015337768687540308	-125.61054903480274	45.110231043360095	-2712.0986328125
0.01687154555629434	-125.60901545739779	45.110255778479534	-2713.05224609375
0.018405322425048366	-125.60748187999283	45.110280513598966	-2712.04638671875
0.019939099293802397	-125.60594830258788	45.1103052487184	-2712.93896484375
0.02147287616255643	-125.60441472518292	45.110329983837836	-2713.9013671875
0.02300665303131046	-125.60288114777796	45.11035471895727	-2711.94775390625
0.02454042990006449	-125.60134757037301	45.11037945407671	-2714.0
0.026074206768818522	-125.59981399296805	45.11040418919614	-2714.0087890625
0.027607983637572553	-125.5982804155631	45.11042892431558	-2712.857666015625
0.029141760506326584	-125.59674683815814	45.11045365943501	-2710.909912109375
0.030675537375080615	-125.59521326075318	45.11047839455444	-2706.857666015625
0.03220931424383464	-125.59367968334823	45.11050312967388	-2704.9013671875
0.03374309111258868	-125.59214610594327	45.11052786479331	-2704.0
0.035276867981342705	-125.59061252853832	45.11055259991275	-2702.090087890625
0.03681064485009673	-125.58907895113336	45.11057733503218	-2700.94775390625
0.03834442171885077	-125.5875453737284	45.110602070151614	-2700.0
0.039878198587604795	-125.58601179632345	45.11062680527105	-2699.0
0.04141197545635883	-125.58447821891849	45.110651540390485	-2697.0
0.04294575232511286	-125.58294464151354	45.110676275509924	-2697.0
0.04447952919386689	-125.58141106410858	45.110701010629356	-2696.945068359375
0.04601330606262092	-125.57987748670362	45.110725745748795	-2694.009765625
0.047547082931374954	-125.57834390929867	45.11075048086823	-2692.0
0.04908085980012898	-125.57681033189371	45.11077521598766	-2690.945068359375
0.05061463666888301	-125.57527675448875	45.1107999511071	-2691.0
0.052148413537637044	-125.5737431770838	45.11082468622653	-2691.955078125
0.05368219040639107	-125.57220959967884	45.11084942134597	-2691.945068359375
0.055215967275145106	-125.57067602227389	45.1108741564654	-2690.945068359375
0.05674974414389913	-125.56914244486893	45.11089889158484	-2691.0
0.05828352101265317	-125.56760886746397	45.11092362670427	-2688.009765625
0.059817297881407196	-125.56607529005902	45.1109483618237	-2687.009765625
0.06135107475016123	-125.56454171265406	45.11097309694314	-2684.945068359375
0.06288485161891526	-125.5630081352491	45.11099783206257	-2684.89208984375
0.06441862848766929	-125.56147455784415	45.11102256718201	-2684.1171875
0.06595240535642331	-125.5599409804392	45.11104730230144	-2685.0
0.06748618222517735	-125.55840740303424	45.111072037420875	-2685.12841796875
0.06901995909393138	-125.55687382562928	45.111096772540314	-2684.0
0.07055373596268541	-125.55534024822433	45.111121507659746	-2681.0
0.07208751283143944	-125.55380667081937	45.111146242779185	-2678.94287109375
0.07362128970019347	-125.55227309341441	45.11117097789862	-2678.0
0.0751550665689475	-125.55073951600946	45.111195713018056	-2678.0
0.07668884343770153	-125.5492059386045	45.11122044813749	-2677.89404296875
0.07822262030645556	-125.54767236119955	45.11124518325692	-2674.94287109375
0.07975639717520959	-125.54613878379459	45.11126991837636	-2673.94287109375
0.08129017404396363	-125.54460520638963	45.11129465349579	-2674.01123046875
0.08282395091271766	-125.54307162898468	45.11131938861523	-2673.8828125
0.08435772778147169	-125.54153805157972	45.11134412373466	-2672.8828125
0.08589150465022571	-125.54000447417476	45.11136885885409	-2672.905029296875
0.08742528151897974	-125.53847089676981	45.11139359397353	-2671.0
0.08895905838773378	-125.53693731936485	45.11141832909296	-2669.0
0.09049283525648781	-125.5354037419599	45.1114430642124	-2670.8857421875
0.09202661212524184	-125.53387016455494	45.111467799331834	-2670.81396484375
0.09356038899399587	-125.53233658714998	45.11149253445127	-2673.94482421875
0.09509416586274991	-125.53080300974503	45.111517269570705	-2674.940673828125
0.09662794273150394	-125.52926943234009	45.111542004690136	-2680.995849609375
0.09816171960025796	-125.52773585493513	45.111566739809575	-2687.0
0.09969549646901199	-125.52620227753017	45.11159147492901	-2689.126708984375
0.10122927333776602	-125.52466870012522	45.111616210048446	-2689.05517578125
0.10276305020652006	-125.52313512272026	45.11164094516788	-2692.2578125
0.10429682707527409	-125.5216015453153	45.11166568028731	-2690.1142578125
0.10583060394402811	-125.52006796791035	45.11169041540675	-2688.966796875
0.10736438081278214	-125.5185343905054	45.11171515052618	-2686.403564453125
0.10889815768153618	-125.51700081310044	45.11173988564562	-2689.083984375
0.11043193455029021	-125.51546723569548	45.11176462076505	-2690.1611328125
0.11196571141904424	-125.51393365829053	45.11178935588449	-2686.874755859375
0.11349948828779827	-125.51240008088557	45.11181409100392	-2689.037109375
0.1150332651565523	-125.51086650348061	45.11183882612335	-2684.67138671875
0.11656704202530634	-125.50933292607566	45.11186356124279	-2681.145263671875
0.11810081889406036	-125.5077993486707	45.111888296362224	-2679.0888671875
0.11963459576281439	-125.50626577126575	45.11191303148166	-2678.0
0.12116837263156842	-125.50473219386079	45.111937766601095	-2678.04736328125
0.12270214950032246	-125.50319861645583	45.111962501720534	-2678.197998046875
0.12423592636907649	-125.50166503905088	45.111987236839965	-2678.122802734375
0.12576970323783052	-125.50013146164592	45.1120119719594	-2678.7265625
0.12730348010658454	-125.49859788424097	45.112036707078836	-2679.150390625
0.12883725697533857	-125.49706430683601	45.11206144219827	-2679.95263671875
0.1303710338440926	-125.49553072943105	45.11208617731771	-2679.829833984375
0.13190481071284663	-125.4939971520261	45.11211091243714	-2678.877197265625
0.13343858758160068	-125.49246357462114	45.11213564755657	-2678.0
0.1349723644503547	-125.49092999721618	45.11216038267601	-2678.0
0.13650614131910874	-125.48939641981123	45.11218511779544	-2680.0478515625
0.13803991818786276	-125.48786284240627	45.11220985291488	-2680.98486328125
0.1395736950566168	-125.48632926500132	45.11223458803431	-2681.969482421875
0.14110747192537082	-125.48479568759636	45.11225932315375	-2683.936767578125
0.14264124879412485	-125.4832621101914	45.11228405827318	-2684.853271484375
0.14417502566287888	-125.48172853278645	45.112308793392614	-2686.01513671875
0.1457088025316329	-125.48019495538149	45.11233352851205	-2685.853271484375
0.14724257940038693	-125.47866137797654	45.112358263631485	-2685.063232421875
0.14877635626914099	-125.47712780057158	45.112382998750924	-2684.27294921875
0.150310133137895	-125.47559422316662	45.112407733870356	-2686.126220703125
0.15184391000664904	-125.47406064576167	45.11243246898979	-2686.853271484375
0.15337768687540307	-125.47252706835671	45.112457204109226	-2686.01513671875
0.1549114637441571	-125.47099349095176	45.11248193922866	-2685.790283203125
0.15644524061291112	-125.4694599135468	45.1125066743481	-2684.853271484375
0.15797901748166515	-125.46792633614184	45.11253140946753	-2684.0
0.15951279435041918	-125.46639275873689	45.11255614458697	-2684.0
0.1610465712191732	-125.46485918133193	45.1125808797064	-2681.156982421875
0.16258034808792726	-125.46332560392698	45.11260561482583	-2680.843017578125
0.1641141249566813	-125.46179202652202	45.11263034994527	-2678.0
0.16564790182543532	-125.46025844911706	45.1126550850647	-2675.935302734375
0.16718167869418935	-125.4587248717121	45.11267982018414	-2673.859619140625
0.16871545556294337	-125.45719129430715	45.11270455530357	-2670.794921875
0.1702492324316974	-125.4556577169022	45.11272929042301	-2668.951904296875
0.17178300930045143	-125.45412413949724	45.11275402554244	-2668.0166015625
0.17331678616920546	-125.45259056209228	45.112778760661875	-2665.378662109375
0.17485056303795948	-125.45105698468733	45.112803495781314	-2661.205078125
0.17638433990671354	-125.44952340728237	45.112828230900746	-2658.064697265625
0.17791811677546757	-125.44798982987741	45.112852966020185	-2654.843017578125
0.1794518936442216	-125.44645625247246	45.11287770113962	-2651.794921875
0.18098567051297562	-125.4449226750675	45.11290243625905	-2649.794921875
0.18251944738172965	-125.44338909766255	45.11292717137849	-2648.7783203125
0.18405322425048368	-125.44185552025759	45.11295190649792	-2647.0166015625
0.1855870011192377	-125.44032194285263	45.11297664161736	-2643.951904296875
0.18712077798799173	-125.43878836544768	45.11300137673679	-2643.0
0.18865455485674576	-125.43725478804272	45.11302611185623	-2643.06640625
0.19018833172549982	-125.43572121063777	45.11305084697566	-2641.16748046875
0.19172210859425384	-125.43418763323281	45.11307558209509	-2639.981689453125
0.19325588546300787	-125.43265405582785	45.11310031721453	-2636.83251953125
0.1947896623317619	-125.4311204784229	45.11312505233396	-2633.784423828125
0.19632343920051593	-125.42958690101794	45.1131497874534	-2628.850830078125
0.19785721606926995	-125.42805332361299	45.113174522572834	-2601.179931640625
0.19939099293802398	-125.42651974620803	45.113199257692266	-2545.748779296875
0.200924769806778	-125.42498616880307	45.113223992811704	-2495.96435546875
0.20245854667553204	-125.42345259139812	45.113248727931136	-2448.704345703125
0.2039923235442861	-125.42191901399316	45.113273463050575	-2430.377685546875
0.20552610041304012	-125.4203854365882	45.11329819817001	-2406.8212890625
0.20705987728179415	-125.41885185918325	45.113322933289446	-2349.202880859375
0.20859365415054817	-125.4173182817783	45.11334766840888	-2315.267333984375
0.2101274310193022	-125.41578470437334	45.11337240352831	-2260.477294921875
0.21166120788805623	-125.41425112696838	45.11339713864775	-2228.0654296875
0.21319498475681026	-125.41271754956342	45.11342187376718	-2223.892822265625
0.21472876162556429	-125.41118397215847	45.11344660888662	-2191.440673828125
0.2162625384943183	-125.40965039475351	45.11347134400605	-2170.392822265625
0.21779631536307237	-125.40811681734856	45.11349607912548	-2138.195068359375
0.2193300922318264	-125.4065832399436	45.11352081424492	-2108.166748046875
0.22086386910058042	-125.40504966253864	45.11354554936435	-2078.008544921875
0.22239764596933445	-125.40351608513369	45.11357028448379	-2050.91796875
0.22393142283808848	-125.40198250772873	45.113595019603224	-2033.2032470703125
0.2254651997068425	-125.40044893032378	45.11361975472266	-2006.0364990234375
0.22699897657559653	-125.39891535291882	45.113644489842095	-1981.1094970703125
0.22853275344435056	-125.39738177551386	45.11366922496153	-1956.30126953125
0.2300665303131046	-125.39584819810891	45.113693960080965	-1930.3157958984375
0.23160030718185864	-125.39431462070395	45.1137186952004	-1915.5076904296875
0.23313408405061267	-125.392781043299	45.113743430319836	-1892.6318359375
0.2346678609193667	-125.39124746589404	45.11376816543927	-1849.0810546875
0.23620163778812073	-125.38971388848908	45.11379290055871	-1829.7559814453125
0.23773541465687476	-125.38818031108413	45.11381763567814	-1818.3092041015625
0.23926919152562878	-125.38664673367917	45.11384237079757	-1804.8118896484375
0.2408029683943828	-125.38511315627422	45.11386710591701	-1795.731689453125
0.24233674526313684	-125.38357957886926	45.11389184103644	-1798.122802734375
0.24387052213189087	-125.3820460014643	45.11391657615588	-1791.2225341796875
0.24540429900064492	-125.38051242405935	45.11394131127531	-1795.11865234375
0.24693807586939895	-125.37897884665439	45.113966046394744	-1790.804931640625
0.24847185273815298	-125.37744526924944	45.11399078151418	-1791.6763916015625
0.250005629606907	-125.37591169184448	45.114015516633614	-1792.123046875
0.25153940647566103	-125.37437811443952	45.11404025175305	-1790.760498046875
0.2530731833444151	-125.37284453703457	45.114064986872485	-1876.619384765625
0.2546069602131691	-125.37131095962961	45.114089721991924	-1879.1591796875
0.25614073708192314	-125.36977738222465	45.114114457111356	-1864.272216796875
0.25767451395067714	-125.3682438048197	45.11413919223079	-1864.217529296875
0.2592082908194312	-125.36671022741474	45.114163927350226	-1859.8729248046875
0.2607420676881852	-125.36517665000979	45.11418866246966	-1853.2562255859375
0.26227584455693925	-125.36364307260483	45.1142133975891	-1847.568603515625
0.26380962142569325	-125.36210949519987	45.11423813270853	-1849.50244140625
0.2653433982944473	-125.36057591779492	45.11426286782796	-1846.3641357421875
0.26687717516320136	-125.35904234038996	45.1142876029474	-1859.040771484375
0.26841095203195536	-125.357508762985	45.11431233806683	-1869.60400390625
0.2699447289007094	-125.35597518558005	45.11433707318627	-1871.1397705078125
0.2714785057694634	-125.3544416081751	45.1143618083057	-1897.1353759765625
0.2730122826382175	-125.35290803077014	45.11438654342514	-1939.654052734375
0.2745460595069715	-125.35137445336518	45.11441127854457	-1957.5640869140625
0.27607983637572553	-125.34984087596023	45.114436013664005	-1960.7440185546875
0.27761361324447953	-125.34830729855527	45.11446074878344	-1962.572998046875
0.2791473901132336	-125.34677372115031	45.114485483902875	-1958.48876953125
0.28068116698198764	-125.34524014374536	45.114510219022314	-1954.0709228515625
0.28221494385074164	-125.3437065663404	45.114534954141746	-1956.1748046875
0.2837487207194957	-125.34217298893545	45.114559689261185	-1954.4639892578125
0.2852824975882497	-125.34063941153049	45.11458442438062	-1947.9935302734375
0.28681627445700375	-125.33910583412553	45.11460915950005	-1945.5313720703125
0.28835005132575775	-125.33757225672059	45.11463389461949	-1944.3201904296875
0.2898838281945118	-125.33603867931564	45.11465862973892	-1943.76708984375
0.2914176050632658	-125.33450510191068	45.11468336485836	-1946.5777587890625
0.29295138193201986	-125.33297152450572	45.11470809997779	-1946.14013671875
0.29448515880077386	-125.33143794710077	45.11473283509722	-1954.161865234375
0.2960189356695279	-125.32990436969581	45.11475757021666	-1969.1865234375
0.29755271253828197	-125.32837079229085	45.11478230533609	-1976.788818359375
0.29908648940703597	-125.3268372148859	45.11480704045553	-1980.602294921875
0.30062026627579	-125.32530363748094	45.11483177557496	-1980.0491943359375
0.302154043144544	-125.32377006007599	45.1148565106944	-1980.0709228515625
0.3036878200132981	-125.32223648267103	45.114881245813834	-1979.2821044921875
0.3052215968820521	-125.32070290526607	45.114905980933266	-1976.211181640625
0.30675537375080614	-125.31916932786112	45.114930716052704	-1968.490478515625
0.30828915061956014	-125.31763575045616	45.114955451172136	-1948.856689453125
0.3098229274883142	-125.3161021730512	45.114980186291575	-1932.6534423828125
0.31135670435706825	-125.31456859564625	45.11500492141101	-1930.0457763671875
0.31289048122582225	-125.3130350182413	45.11502965653044	-1950.3663330078125
0.3144242580945763	-125.31150144083634	45.11505439164988	-1977.6341552734375
0.3159580349633303	-125.30996786343138	45.11507912676931	-1941.927978515625
0.31749181183208436	-125.30843428602643	45.11510386188875	-1862.16943359375
0.31902558870083836	-125.30690070862147	45.11512859700818	-1826.0257568359375
0.3205593655695924	-125.30536713121651	45.11515333212762	-1769.5235595703125
0.3220931424383464	-125.30383355381156	45.11517806724705	-1709.41845703125
0.32362691930710047	-125.3022999764066	45.11520280236648	-1643.2674560546875
0.3251606961758545	-125.30076639900165	45.11522753748592	-1598.4635009765625
0.3266944730446085	-125.29923282159669	45.11525227260535	-1585.6143798828125
0.3282282499133626	-125.29769924419173	45.11527700772479	-1551.7769775390625
0.3297620267821166	-125.29616566678678	45.115301742844224	-1530.169677734375
0.33129580365087063	-125.29463208938182	45.11532647796366	-1501.94970703125
0.33282958051962463	-125.29309851197686	45.115351213083095	-1480.5684814453125
0.3343633573883787	-125.29156493457191	45.11537594820253	-1482.318603515625
0.3358971342571327	-125.29003135716695	45.115400683321965	-1472.3013916015625
0.33743091112588675	-125.288497779762	45.1154254184414	-1476.2757568359375
0.3389646879946408	-125.28696420235704	45.115450153560836	-1527.671875
0.3404984648633948	-125.28543062495208	45.11547488868027	-1558.33740234375
0.34203224173214886	-125.28389704754713	45.1154996237997	-1552.180908203125
0.34356601860090286	-125.28236347014217	45.11552435891914	-1586.0006103515625
0.3450997954696569	-125.28082989273722	45.11554909403857	-1617.017333984375
0.3466335723384109	-125.27929631533226	45.11557382915801	-1617.7059326171875
0.34816734920716497	-125.2777627379273	45.11559856427744	-1635.313232421875
0.34970112607591897	-125.27622916052235	45.11562329939688	-1684.1129150390625
0.351234902944673	-125.27469558311739	45.11564803451631	-1738.606689453125
0.3527686798134271	-125.27316200571244	45.115672769635744	-1763.3065185546875
0.3543024566821811	-125.27162842830748	45.11569750475518	-1768.3065185546875
0.35583623355093513	-125.27009485090252	45.115722239874614	-1772.2457275390625
0.35737001041968913	-125.26856127349757	45.11574697499405	-1776.072998046875
0.3589037872884432	-125.26702769609261	45.115771710113485	-1776.072998046875
0.3604375641571972	-125.26549411868766	45.11579644523292	-1776.2890625
0.36197134102595124	-125.2639605412827	45.115821180352356	-1776.216064453125
0.36350511789470524	-125.26242696387774	45.11584591547179	-1778.072998046875
0.3650388947634593	-125.26089338647279	45.115870650591226	-1776.9703369140625
0.36657267163221335	-125.25935980906783	45.11589538571066	-1775.2457275390625
0.36810644850096735	-125.25782623166288	45.1159201208301	-1773.0
0.3696402253697214	-125.25629265425792	45.11594485594953	-1771.102783203125
0.3711740022384754	-125.25475907685296	45.11596959106896	-1766.9566650390625
0.37270777910722946	-125.253225499448	45.1159943261884	-1766.0
0.37424155597598346	-125.25169192204305	45.11601906130783	-1768.2593994140625
0.3757753328447375	-125.2501583446381	45.11604379642727	-1767.3031005859375
0.3773091097134915	-125.24862476723314	45.1160685315467	-1769.127197265625
0.3788428865822456	-125.24709118982818	45.116093266666134	-1786.302734375
0.38037666345099963	-125.24555761242323	45.11611800178557	-1795.10498046875
0.38191044031975363	-125.24402403501827	45.116142736905005	-1795.0
0.3834442171885077	-125.24249045761331	45.11616747202444	-1794.0
0.3849779940572617	-125.24095688020836	45.116192207143875	-1794.0
0.38651177092601574	-125.2394233028034	45.116216942263314	-1793.257568359375
0.38804554779476974	-125.23788972539845	45.116241677382746	-1793.257568359375
0.3895793246635238	-125.23635614799349	45.11626641250218	-1793.073486328125
0.3911131015322778	-125.23482257058853	45.11629114762162	-1793.0
0.39264687840103185	-125.23328899318358	45.11631588274105	-1792.926513671875
0.3941806552697859	-125.23175541577862	45.11634061786049	-1791.0
0.3957144321385399	-125.23022183837367	45.11636535297992	-1789.0
0.39724820900729396	-125.22868826096871	45.11639008809936	-1782.9580078125
0.39878198587604796	-125.22715468356375	45.11641482321879	-1776.77392578125
0.400315762744802	-125.2256211061588	45.11643955833822	-1770.031494140625
0.401849539613556	-125.22408752875384	45.11646429345766	-1763.742431640625
0.4033833164823101	-125.22255395134889	45.11648902857709	-1769.26953125
0.4049170933510641	-125.22102037394393	45.11651376369653	-1783.236328125
0.40645087021981813	-125.21948679653897	45.11653849881596	-1789.966796875
0.4079846470885722	-125.21795321913402	45.116563233935395	-1792.3839111328125
0.4095184239573262	-125.21641964172906	45.116587969054834	-1789.3101806640625
0.41105220082608024	-125.2148860643241	45.116612704174266	-1791.3101806640625
0.41258597769483424	-125.21335248691915	45.116637439293704	-1788.3507080078125
0.4141197545635883	-125.2118189095142	45.116662174413136	-1789.5797119140625
0.4156535314323423	-125.21028533210924	45.116686909532575	-1788.6202392578125
0.41718730830109635	-125.20875175470428	45.11671164465201	-1787.3507080078125
0.41872108516985035	-125.20721817729932	45.11673637977144	-1782.3101806640625
0.4202548620386044	-125.20568459989437	45.11676111489088	-1775.2769775390625
0.42178863890735846	-125.20415102248941	45.11678585001031	-1773.5465087890625
0.42332241577611246	-125.20261744508446	45.11681058512975	-1773.6202392578125
0.4248561926448665	-125.2010838676795	45.11683532024918	-1766.727294921875
0.4263899695136205	-125.19955029027454	45.11686005536861	-1740.3101806640625
0.42792374638237457	-125.19801671286959	45.11688479048805	-1716.965087890625
0.42945752325112857	-125.19648313546463	45.11690952560748	-1706.926025390625
0.4309913001198826	-125.19494955805968	45.11693426072692	-1692.926025390625
0.4325250769886366	-125.19341598065472	45.11695899584635	-1684.0
0.4340588538573907	-125.19188240324976	45.11698373096579	-1676.7183837890625
0.43559263072614474	-125.19034882584481	45.117008466085224	-1670.073974609375
0.43712640759489874	-125.18881524843985	45.117033201204656	-1671.0
0.4386601844636528	-125.1872816710349	45.117057936324095	-1670.0
0.4401939613324068	-125.18574809362994	45.11708267144353	-1672.3206787109375
0.44172773820116085	-125.18421451622498	45.117107406562965	-1671.3946533203125
0.44326151506991485	-125.18268093882003	45.1171321416824	-1675.602294921875
0.4447952919386689	-125.18114736141507	45.117156876801836	-1677.2857666015625
0.4463290688074229	-125.17961378401012	45.11718161192127	-1679.3597412109375
0.44786284567617696	-125.17808020660516	45.1172063470407	-1685.3946533203125
0.449396622544931	-125.1765466292002	45.11723108216014	-1688.3946533203125
0.450930399413685	-125.17501305179525	45.11725581727957	-1690.3206787109375
0.45246417628243907	-125.17347947439029	45.11728055239901	-1688.220458984375
0.45399795315119307	-125.17194589698533	45.11730528751844	-1689.037353515625
0.4555317300199471	-125.17041231958038	45.11733002263787	-1687.2938232421875
0.4570655068887011	-125.16887874217542	45.11735475775731	-1684.0
0.4585992837574552	-125.16734516477047	45.11737949287674	-1681.668701171875
0.4601330606262092	-125.16581158736551	45.11740422799618	-1679.41162109375
0.46166683749496323	-125.16427800996055	45.117428963115614	-1673.191162109375
0.4632006143637173	-125.1627444325556	45.11745369823505	-1663.4482421875
0.4647343912324713	-125.16121085515064	45.117478433354485	-1651.367919921875
0.46626816810122534	-125.15967727774569	45.11750316847392	-1646.55908203125
0.46780194496997934	-125.15814370034073	45.117527903593356	-1608.799072265625
0.4693357218387334	-125.15661012293577	45.11755263871279	-1546.9384765625
0.4708694987074874	-125.15507654553082	45.117577373832226	-1506.894775390625
0.47240327557624145	-125.15354296812586	45.11760210895166	-1494.269775390625
0.47393705244499545	-125.1520093907209	45.11762684407109	-1492.6376953125
0.4754708293137495	-125.15047581331595	45.11765157919053	-1498.6376953125
0.47700460618250357	-125.148942235911	45.11767631430996	-1508.9005126953125
0.47853838305125757	-125.14740865850604	45.1177010494294	-1533.0028076171875
0.4800721599200116	-125.1458750811011	45.11772578454883	-1534.3446044921875
0.4816059367887656	-125.14434150369614	45.11775051966827	-1532.9259033203125
0.4831397136575197	-125.14280792629118	45.1177752547877	-1534.0
0.4846734905262737	-125.14127434888623	45.117799989907134	-1535.0
0.48620726739502773	-125.13974077148127	45.11782472502657	-1539.30615234375
0.48774104426378173	-125.13820719407632	45.117849460146005	-1540.341796875
0.4892748211325358	-125.13667361667136	45.11787419526544	-1543.341796875
0.49080859800128984	-125.1351400392664	45.117898930384875	-1542.341796875
0.49234237487004384	-125.13360646186145	45.11792366550431	-1540.37744140625
0.4938761517387979	-125.13207288445649	45.117948400623746	-1536.341796875
0.4954099286075519	-125.13053930705154	45.11797313574318	-1533.37744140625
0.49694370547630595	-125.12900572964658	45.11799787086262	-1535.68359375
0.49847748234505995	-125.12747215224162	45.11802260598205	-1542.6480712890625
0.500011259213814	-125.12593857483667	45.11804734110149	-1546.341796875
0.5015450360825681	-125.12440499743171	45.11807207622092	-1554.3524169921875
0.5030788129513221	-125.12287142002675	45.11809681134035	-1556.3524169921875
0.5046125898200761	-125.1213378426218	45.11812154645979	-1560.3524169921875
0.5061463666888302	-125.11980426521684	45.11814628157922	-1561.3187255859375
0.5076801435575842	-125.11827068781189	45.11817101669866	-1563.392578125
0.5092139204263382	-125.11673711040693	45.11819575181809	-1565.03369140625
0.5107476972950922	-125.11520353300197	45.11822048693753	-1563.9598388671875
0.5122814741638463	-125.11366995559702	45.11824522205696	-1566.9598388671875
0.5138152510326003	-125.11213637819206	45.118269957176395	-1565.3187255859375
0.5153490279013543	-125.1106028007871	45.118294692295834	-1569.0
0.5168828047701083	-125.10906922338215	45.118319427415265	-1569.0401611328125
0.5184165816388624	-125.1075356459772	45.118344162534704	-1567.9261474609375
0.5199503585076164	-125.10600206857224	45.118368897654136	-1567.0
0.5214841353763704	-125.10446849116728	45.11839363277357	-1567.9598388671875
0.5230179122451245	-125.10293491376233	45.11841836789301	-1567.0738525390625
0.5245516891138785	-125.10140133635737	45.11844310301244	-1566.3187255859375
0.5260854659826325	-125.09986775895241	45.11846783813188	-1566.3629150390625
0.5276192428513865	-125.09833418154746	45.11849257325131	-1565.4049072265625
0.5291530197201406	-125.0968006041425	45.11851730837075	-1562.4049072265625
0.5306867965888946	-125.09526702673755	45.11854204349018	-1561.331298828125
0.5322205734576486	-125.09373344933259	45.11856677860961	-1559.9580078125
0.5337543503264027	-125.09219987192763	45.11859151372905	-1556.9580078125
0.5352881271951567	-125.09066629452268	45.11861624884848	-1553.03173828125
0.5368219040639107	-125.08913271711772	45.11864098396792	-1549.331298828125
0.5383556809326647	-125.08759913971276	45.11866571908735	-1541.0
0.5398894578014188	-125.08606556230781	45.118690454206785	-1533.9263916015625
0.5414232346701728	-125.08453198490285	45.118715189326224	-1527.9263916015625
0.5429570115389268	-125.0829984074979	45.118739924445656	-1519.9263916015625
0.5444907884076808	-125.08146483009294	45.118764659565095	-1513.0
0.546024565276435	-125.07993125268798	45.118789394684526	-1509.0419921875
0.547558342145189	-125.07839767528303	45.118814129803965	-1502.0419921875
0.549092119013943	-125.07686409787807	45.1188388649234	-1496.710693359375
0.5506258958826971	-125.07533052047312	45.11886360004283	-1489.043701171875
0.5521596727514511	-125.07379694306816	45.11888833516227	-1480.0
0.5536934496202051	-125.0722633656632	45.1189130702817	-1477.0
0.5552272264889591	-125.07072978825825	45.11893780540114	-1470.6561279296875
0.5567610033577132	-125.06919621085329	45.11896254052057	-1460.970458984375
0.5582947802264672	-125.06766263344834	45.11898727564001	-1452.970458984375
0.5598285570952212	-125.06612905604338	45.11901201075944	-1444.6998291015625
0.5613623339639753	-125.06459547863842	45.11903674587887	-1438.2825927734375
0.5628961108327293	-125.06306190123347	45.11906148099831	-1429.2825927734375
0.5644298877014833	-125.06152832382851	45.11908621611774	-1421.62646484375
0.5659636645702373	-125.05999474642356	45.11911095123718	-1414.582763671875
0.5674974414389914	-125.0584611690186	45.119135686356614	-1405.582763671875
0.5690312183077454	-125.05692759161364	45.119160421476046	-1400.509521484375
0.5705649951764994	-125.05539401420869	45.119185156595485	-1395.582763671875
0.5720987720452534	-125.05386043680373	45.11920989171492	-1387.970458984375
0.5736325489140075	-125.05232685939878	45.119234626834356	-1383.5704345703125
0.5751663257827615	-125.05079328199382	45.11925936195379	-1378.2137451171875
0.5767001026515155	-125.04925970458886	45.119284097073226	-1375.2137451171875
0.5782338795202696	-125.0477261271839	45.11930883219266	-1368.6158447265625
0.5797676563890236	-125.04619254977895	45.11933356731209	-1363.5430908203125
0.5813014332577776	-125.044658972374	45.11935830243153	-1357.158935546875
0.5828352101265316	-125.04312539496904	45.11938303755096	-1351.7568359375
0.5843689869952857	-125.04159181756408	45.1194077726704	-1343.84765625
0.5859027638640397	-125.04005824015913	45.11943250778983	-1336.4180908203125
0.5874365407327937	-125.03852466275417	45.11945724290926	-1326.0159912109375
0.5889703176015477	-125.03699108534921	45.1194819780287	-1311.9205322265625
0.5905040944703018	-125.03545750794426	45.119506713148134	-1301.4228515625
0.5920378713390558	-125.0339239305393	45.11953144826757	-1283.1182861328125
0.5935716482078098	-125.03239035313435	45.119556183387004	-1269.145751953125
0.5951054250765639	-125.03085677572939	45.11958091850644	-1255.3841552734375
0.5966392019453179	-125.02932319832443	45.119605653625875	-1239.7862548828125
0.5981729788140719	-125.02778962091948	45.11963038874531	-1232.072265625
0.5997067556828259	-125.02625604351452	45.119655123864746	-1219.072265625
0.60124053255158	-125.02472246610957	45.11967985898418	-1208.51416015625
0.602774309420334	-125.02318888870461	45.11970459410362	-1196.3946533203125
0.604308086289088	-125.02165531129965	45.11972932922305	-1187.952880859375
0.6058418631578422	-125.0201217338947	45.11975406434249	-1180.025146484375
0.6073756400265962	-125.01858815648974	45.11977879946192	-1164.952880859375
0.6089094168953502	-125.01705457908479	45.11980353458135	-1138.9483642578125
0.6104431937641042	-125.01552100167983	45.11982826970079	-1091.506591796875
0.6119769706328583	-125.01398742427487	45.11985300482022	-1074.7423095703125
0.6135107475016123	-125.01245384686992	45.11987773993966	-1062.419921875
0.6150445243703663	-125.01092026946496	45.11990247505909	-1063.908935546875
0.6165783012391203	-125.00938669206	45.119927210178524	-1053.18408203125
0.6181120781078744	-125.00785311465505	45.11995194529796	-1026.064697265625
0.6196458549766284	-125.00631953725009	45.119976680417395	-1005.5065307617188
0.6211796318453824	-125.00478595984514	45.120001415536834	-982.064697265625
0.6227134087141365	-125.00325238244018	45.120026150656265	-973.6701049804688
0.6242471855828905	-125.00171880503522	45.120050885775704	-964.4053344726562
0.6257809624516445	-125.00018522763027	45.120075620895136	-970.3825073242188
0.6273147393203985	-124.99865165022531	45.12010035601457	-970.4541625976562
0.6288485161891526	-124.99711807282036	45.12012509113401	-972.4053344726562
0.6303822930579066	-124.9955844954154	45.12014982625344	-974.4053344726562
0.6319160699266606	-124.99405091801044	45.12017456137288	-977.7877807617188
0.6334498467954147	-124.99251734060549	45.12019929649231	-980.4053344726562
0.6349836236641687	-124.99098376320053	45.12022403161174	-981.4053344726562
0.6365174005329227	-124.98945018579558	45.12024876673118	-984.8106079101562
0.6380511774016767	-124.98791660839062	45.12027350185061	-987.7617797851562
0.6395849542704308	-124.98638303098566	45.12029823697005	-986.4281616210938
0.6411187311391848	-124.98484945358071	45.12032297208948	-982.836669921875
0.6426525080079388	-124.98331587617575	45.12034770720892	-979.4053344726562
0.6441862848766928	-124.9817822987708	45.12037244232835	-976.4541625976562
0.6457200617454469	-124.98024872136584	45.120397177447785	-972.951171875
0.6472538386142009	-124.97871514396088	45.120421912567224	-970.0204467773438
0.6487876154829549	-124.97718156655593	45.120446647686656	-967.4664306640625
0.650321392351709	-124.97564798915097	45.120471382806095	-961.4158935546875
0.651855169220463	-124.97411441174602	45.120496117925526	-954.344970703125
0.653388946089217	-124.97258083434106	45.12052085304496	-939.949462890625
0.654922722957971	-124.9710472569361	45.1205455881644	-932.4664306640625
0.6564564998267252	-124.96951367953115	45.12057032328383	-925.8114013671875
0.6579902766954792	-124.96798010212619	45.12059505840327	-918.9699096679688
0.6595240535642332	-124.96644652472123	45.1206197935227	-915.0913696289062
0.6610578304329873	-124.96491294731628	45.12064452864214	-908.0
0.6625916073017413	-124.96337936991132	45.12066926376157	-904.050537109375
0.6641253841704953	-124.96184579250637	45.120693998881	-908.655029296875
0.6656591610392493	-124.96031221510141	45.12071873400044	-895.3654174804688
0.6671929379080034	-124.95877863769645	45.12074346911987	-890.0709228515625
0.6687267147767574	-124.9572450602915	45.12076820423931	-883.0
0.6702604916455114	-124.95571148288654	45.12079293935874	-880.949462890625
0.6717942685142654	-124.9541779054816	45.12081767447818	-881.0701293945312
0.6733280453830195	-124.95264432807664	45.120842409597614	-879.4786987304688
0.6748618222517735	-124.95111075067169	45.120867144717046	-878.122314453125
0.6763955991205275	-124.94957717326673	45.120891879836485	-859.5032958984375
0.6779293759892816	-124.94804359586178	45.12091661495592	-841.9119262695312
0.6794631528580356	-124.94651001845682	45.120941350075356	-827.5032958984375
0.6809969297267896	-124.94497644105186	45.12096608519479	-813.573486328125
0.6825307065955436	-124.94344286364691	45.12099082031422	-801.877685546875
0.6840644834642977	-124.94190928624195	45.12101555543366	-794.5213012695312
0.6855982603330517	-124.940375708837	45.12104029055309	-790.573486328125
0.6871320372018057	-124.93884213143204	45.12106502567253	-789.7137451171875
0.6886658140705598	-124.93730855402708	45.12108976079196	-780.3743896484375
0.6901995909393138	-124.93577497662213	45.1211144959114	-770.426513671875
0.6917333678080678	-124.93424139921717	45.12113923103083	-764.234130859375
0.6932671446768218	-124.93270782181222	45.12116396615026	-765.2862548828125
0.6948009215455759	-124.93117424440726	45.1211887012697	-768.0
0.6963346984143299	-124.9296406670023	45.121213436389134	-767.0
0.6978684752830839	-124.92810708959735	45.12123817150857	-765.0
0.6994022521518379	-124.92657351219239	45.121262906628004	-761.9462280273438
0.700936029020592	-124.92503993478743	45.121287641747436	-760.4216918945312
0.702469805889346	-124.92350635738248	45.121312376866875	-758.0
0.7040035827581	-124.92197277997752	45.12133711198631	-756.0692138671875
0.7055373596268542	-124.92043920257257	45.121361847105746	-753.0
0.7070711364956082	-124.91890562516761	45.12138658222518	-751.0
0.7086049133643622	-124.91737204776265	45.12141131734462	-749.0
0.7101386902331162	-124.9158384703577	45.12143605246405	-748.0537719726562
0.7116724671018703	-124.91430489295274	45.12146078758348	-745.4216918945312
0.7132062439706243	-124.91277131554779	45.12148552270292	-744.9307861328125
0.7147400208393783	-124.91123773814283	45.12151025782235	-744.0
0.7162737977081324	-124.90970416073787	45.12153499294179	-743.0
0.7178075745768864	-124.90817058333292	45.12155972806122	-742.0
0.7193413514456404	-124.90663700592796	45.12158446318066	-740.5651245117188
0.7208751283143944	-124.905103428523	45.12160919830009	-740.0
0.7224089051831485	-124.90356985111805	45.121633933419524	-740.0
0.7239426820519025	-124.9020362737131	45.12165866853896	-741.0
0.7254764589206565	-124.90050269630814	45.121683403658395	-739.6075439453125
0.7270102357894105	-124.89896911890318	45.121708138777834	-736.6075439453125
0.7285440126581646	-124.89743554149823	45.121732873897265	-735.6075439453125
0.7300777895269186	-124.89590196409327	45.1217576090167	-733.987060546875
0.7316115663956726	-124.89436838668831	45.121782344136136	-731.9317016601562
0.7331453432644267	-124.89283480928336	45.12180707925557	-729.9317016601562
0.7346791201331807	-124.8913012318784	45.12183181437501	-728.5651245117188
0.7362128970019347	-124.88976765447345	45.12185654949444	-727.5651245117188
0.7377466738706887	-124.88823407706849	45.12188128461388	-727.5651245117188
0.7392804507394428	-124.88670049966353	45.12190601973331	-726.0553588867188
0.7408142276081968	-124.88516692225858	45.12193075485274	-725.0
0.7423480044769508	-124.88363334485362	45.12195548997218	-723.4348754882812
0.7438817813457049	-124.88209976744866	45.12198022509161	-723.4481201171875
0.7454155582144589	-124.88056619004371	45.12200496021105	-722.943115234375
0.7469493350832129	-124.87903261263875	45.12202969533048	-723.0671997070312
0.7484831119519669	-124.8774990352338	45.122054430449914	-722.4481201171875
0.750016888820721	-124.87596545782884	45.12207916556935	-722.4481201171875
0.751550665689475	-124.87443188042388	45.122103900688785	-722.3911743164062
0.753084442558229	-124.87289830301893	45.122128635808224	-722.4481201171875
0.754618219426983	-124.87136472561397	45.122153370927656	-723.0103149414062
0.7561519962957371	-124.86983114820902	45.122178106047095	-722.0103149414062
0.7576857731644911	-124.86829757080406	45.122202841166526	-722.0
0.7592195500332451	-124.8667639933991	45.12222757628596	-722.619140625
0.7607533269019993	-124.86523041599415	45.1222523114054	-721.5153198242188
0.7622871037707533	-124.86369683858919	45.12227704652483	-719.4584350585938
0.7638208806395073	-124.86216326118424	45.12230178164427	-716.0103149414062
0.7653546575082613	-124.86062968377928	45.1223265167637	-714.0103149414062
0.7668884343770154	-124.85909610637432	45.12235125188313	-712.0103149414062
0.7684222112457694	-124.85756252896937	45.12237598700257	-710.4613647460938
0.7699559881145234	-124.85602895156441	45.122400722122	-708.0076904296875
0.7714897649832775	-124.85449537415946	45.12242545724144	-705.4029541015625
0.7730235418520315	-124.8529617967545	45.12245019236087	-704.0076904296875
0.7745573187207855	-124.85142821934954	45.12247492748031	-701.5274658203125
0.7760910955895395	-124.84989464194459	45.12249966259974	-698.9415893554688
0.7776248724582936	-124.84836106453963	45.122524397719175	-697.5274658203125
0.7791586493270476	-124.84682748713468	45.122549132838614	-694.4613647460938
0.7806924261958016	-124.84529390972972	45.122573867958046	-693.0661010742188
0.7822262030645556	-124.84376033232476	45.122598603077485	-690.4613647460938
0.7837599799333097	-124.8422267549198	45.12262333819692	-687.4029541015625
0.7852937568020637	-124.84069317751485	45.122648073316356	-685.5274658203125
0.7868275336708177	-124.8391596001099	45.12267280843579	-682.4690551757812
0.7883613105395718	-124.83762602270494	45.12269754355522	-681.0076904296875
0.7898950874083258	-124.83609244529998	45.12272227867466	-678.5274658203125
0.7914288642770798	-124.83455886789503	45.12274701379409	-676.0661010742188
0.7929626411458338	-124.83302529049007	45.12277174891353	-672.0050659179688
0.7944964180145879	-124.83149171308511	45.12279648403296	-670.0700073242188
0.7960301948833419	-124.82995813568016	45.12282121915239	-667.479736328125
0.7975639717520959	-124.8284245582752	45.12284595427183	-664.4746704101562
0.7990977486208499	-124.82689098087025	45.12287068939126	-665.5396118164062
0.800631525489604	-124.82535740346529	45.1228954245107	-659.0050659179688
0.802165302358358	-124.82382382606033	45.122920159630134	-658.4746704101562
0.803699079227112	-124.82229024865538	45.12294489474957	-656.0050659179688
0.8052328560958661	-124.82075667125042	45.122969629869004	-652.5396118164062
0.8067666329646201	-124.81922309384547	45.122994364988436	-647.8894653320312
0.8083004098333741	-124.81768951644051	45.123019100107875	-646.9949340820312
0.8098341867021281	-124.81615593903555	45.12304383522731	-641.9544067382812
0.8113679635708823	-124.8146223616306	45.123068570346746	-640.0
0.8129017404396363	-124.81308878422564	45.12309330546618	-633.479736328125
0.8144355173083903	-124.81155520682069	45.12311804058561	-632.0050659179688
0.8159692941771444	-124.81002162941573	45.12314277570505	-630.4746704101562
0.8175030710458984	-124.80848805201077	45.12316751082448	-624.3822631835938
0.8190368479146524	-124.80695447460582	45.12319224594392	-622.4483642578125
0.8205706247834064	-124.80542089720086	45.12321698106335	-620.5120239257812
0.8221044016521605	-124.8038873197959	45.12324171618279	-622.061279296875
0.8236381785209145	-124.80235374239095	45.12326645130222	-619.0
0.8251719553896685	-124.80082016498599	45.12329118642165	-617.0
0.8267057322584225	-124.79928658758104	45.12331592154109	-613.0
0.8282395091271766	-124.79775301017608	45.123340656660524	-608.4879760742188
0.8297732859959306	-124.79621943277112	45.12336539177996	-604.0
0.8313070628646846	-124.79468585536617	45.123390126899395	-599.0636596679688
0.8328408397334387	-124.79315227796121	45.123414862018834	-596.0636596679688
0.8343746166021927	-124.79161870055626	45.123439597138265	-591.0636596679688
0.8359083934709467	-124.7900851231513	45.1234643322577	-585.938720703125
0.8374421703397007	-124.78855154574634	45.123489067377136	-581.0023803710938
0.8389759472084548	-124.78701796834139	45.12351380249657	-577.0636596679688
0.8405097240772088	-124.78548439093643	45.12353853761601	-570.5516357421875
0.8420435009459628	-124.78395081353148	45.12356327273544	-557.9373779296875
0.8435772778147169	-124.78241723612652	45.12358800785487	-548.0
0.8451110546834709	-124.78088365872156	45.12361274297431	-541.0623779296875
0.8466448315522249	-124.77935008131661	45.12363747809374	-530.0
0.8481786084209789	-124.77781650391165	45.12366221321318	-519.9376220703125
0.849712385289733	-124.7762829265067	45.12368694833261	-500.0
0.851246162158487	-124.77474934910174	45.12371168345205	-481.00445556640625
0.852779939027241	-124.77321577169678	45.12373641857148	-482.00628662109375
0.854313715895995	-124.77168219429183	45.123761153690914	-496.5031433105469
0.8558474927647491	-124.77014861688687	45.12378588881035	-503.68841552734375
0.8573812696335031	-124.76861503948192	45.123810623929785	-504.4360656738281
0.8589150465022571	-124.76708146207696	45.123835359049224	-466.74896240234375
0.8604488233710113	-124.765547884672	45.123860094168656	-455.435546875
0.8619826002397653	-124.76401430726705	45.12388482928809	-456.5870361328125
0.8635163771085193	-124.76248072986209	45.123909564407526	-460.0898742675781
0.8650501539772733	-124.76094715245715	45.12393429952696	-461.3836364746094
0.8665839308460274	-124.75941357505219	45.1239590346464	-460.9295349121094
0.8681177077147814	-124.75787999764724	45.12398376976583	-456.0525817871094
0.8696514845835354	-124.75634642024228	45.12400850488527	-452.06451416015625
0.8711852614522895	-124.75481284283732	45.1240332400047	-447.0304870605469
0.8727190383210435	-124.75327926543237	45.12405797512413	-441.4527587890625
0.8742528151897975	-124.75174568802741	45.12408271024357	-437.0
0.8757865920585515	-124.75021211062246	45.124107445363	-431.147216796875
0.8773203689273056	-124.7486785332175	45.12413218048244	-423.50140380859375
0.8788541457960596	-124.74714495581254	45.12415691560187	-409.77081298828125
0.8803879226648136	-124.74561137840759	45.12418165072131	-396.90576171875
0.8819216995335676	-124.74407780100263	45.12420638584074	-390.0857238769531
0.8834554764023217	-124.74254422359768	45.124231120960175	-386.7955627441406
0.8849892532710757	-124.74101064619272	45.124255856079614	-381.4733581542969
0.8865230301398297	-124.73947706878776	45.124280591199046	-370.0584716796875
0.8880568070085838	-124.73794349138281	45.124305326318485	-359.300537109375
0.8895905838773378	-124.73640991397785	45.12433006143792	-345.5352478027344
0.8911243607460918	-124.7348763365729	45.12435479655735	-335.02099609375
0.8926581376148458	-124.73334275916794	45.12437953167679	-316.69427490234375
0.8941919144835999	-124.73180918176298	45.12440426679622	-308.20556640625
0.8957256913523539	-124.73027560435803	45.12442900191566	-307.6189270019531
0.8972594682211079	-124.72874202695307	45.12445373703509	-306.7361145019531
0.898793245089862	-124.72720844954812	45.12447847215453	-308.1845703125
0.900327021958616	-124.72567487214316	45.12450320727396	-314.0121154785156
0.90186079882737	-124.7241412947382	45.12452794239339	-320.4647521972656
0.903394575696124	-124.72260771733325	45.12455267751283	-326.0547180175781
0.9049283525648781	-124.72107413992829	45.12457741263226	-343.8310852050781
0.9064621294336321	-124.71954056252333	45.1246021477517	-349.52581787109375
0.9079959063023861	-124.71800698511838	45.124626882871134	-355.8121643066406
0.9095296831711401	-124.71647340771342	45.124651617990565	-366.4017028808594
0.9110634600398942	-124.71493983030847	45.124676353110004	-381.489501953125
0.9125972369086482	-124.71340625290351	45.124701088229436	-394.59979248046875
0.9141310137774022	-124.71187267549855	45.124725823348875	-403.5014953613281
0.9156647906461564	-124.7103390980936	45.12475055846831	-417.7544860839844
0.9171985675149104	-124.70880552068864	45.124775293587746	-431.3109130859375
0.9187323443836644	-124.70727194328369	45.12480002870718	-448.1921691894531
0.9202661212524184	-124.70573836587873	45.12482476382661	-459.6177673339844
0.9217998981211725	-124.70420478847377	45.12484949894605	-475.79962158203125
0.9233336749899265	-124.70267121106882	45.12487423406548	-490.7080383300781
0.9248674518586805	-124.70113763366386	45.12489896918492	-504.29559326171875
0.9264012287274346	-124.6996040562589	45.12492370430435	-514.351806640625
0.9279350055961886	-124.69807047885395	45.12494843942378	-519.9225463867188
0.9294687824649426	-124.696536901449	45.12497317454322	-525.1995239257812
0.9310025593336966	-124.69500332404404	45.12499790966265	-524.6475830078125
0.9325363362024507	-124.69346974663908	45.12502264478209	-518.7705688476562
0.9340701130712047	-124.69193616923413	45.125047379901524	-509.4560852050781
0.9356038899399587	-124.69040259182917	45.12507211502096	-503.03363037109375
0.9371376668087127	-124.68886901442421	45.125096850140395	-494.2313232421875
0.9386714436774668	-124.68733543701926	45.125121585259826	-489.3000183105469
0.9402052205462208	-124.6858018596143	45.125146320379265	-484.0917663574219
0.9417389974149748	-124.68426828220935	45.1251710554987	-479.88665771484375
0.9432727742837289	-124.68273470480439	45.125195790618136	-479.47625732421875
0.9448065511524829	-124.68120112739943	45.12522052573757	-482.28851318359375
0.9463403280212369	-124.67966754999448	45.12524526085701	-486.4659729003906
0.9478741048899909	-124.67813397258952	45.12526999597644	-490.31146240234375
0.949407881758745	-124.67660039518456	45.12529473109587	-494.34820556640625
0.950941658627499	-124.67506681777961	45.12531946621531	-496.8381652832031
0.952475435496253	-124.67353324037465	45.12534420133474	-500.5142822265625
0.9540092123650071	-124.6719996629697	45.12536893645418	-504.7406311035156
0.9555429892337611	-124.67046608556474	45.12539367157361	-510.3765563964844
0.9570767661025151	-124.66893250815978	45.12541840669304	-511.7877197265625
0.9586105429712691	-124.66739893075483	45.12544314181248	-518.4680786132812
0.9601443198400232	-124.66586535334987	45.125467876931914	-521.6422119140625
0.9616780967087772	-124.66433177594492	45.12549261205135	-526.155029296875
0.9632118735775312	-124.66279819853996	45.125517347170785	-528.6229858398438
0.9647456504462852	-124.661264621135	45.125542082290224	-530.0415649414062
0.9662794273150394	-124.65973104373005	45.125566817409656	-532.5545043945312
0.9678132041837934	-124.65819746632509	45.12559155252909	-534.5545043945312
0.9693469810525474	-124.65666388892014	45.125616287648526	-534.5545043945312
0.9708807579213015	-124.65513031151518	45.12564102276796	-534.5545043945312
0.9724145347900555	-124.65359673411022	45.1256657578874	-533.986572265625
0.9739483116588095	-124.65206315670527	45.12569049300683	-532.986572265625
0.9754820885275635	-124.65052957930031	45.12571522812626	-530.5679321289062
0.9770158653963176	-124.64899600189536	45.1257399632457	-526.986572265625
0.9785496422650716	-124.6474624244904	45.12576469836513	-522.5679321289062
0.9800834191338256	-124.64592884708544	45.12578943348457	-519.5679321289062
0.9816171960025797	-124.64439526968049	45.125814168604	-515.5679321289062
0.9831509728713337	-124.64286169227553	45.12583890372344	-511.0
0.9846847497400877	-124.64132811487057	45.12586363884287	-507.0
0.9862185266088417	-124.63979453746562	45.125888373962304	-503.9449768066406
0.9877523034775958	-124.63826096006066	45.12591310908174	-498.3493347167969
0.9892860803463498	-124.6367273826557	45.125937844201175	-494.5812072753906
0.9908198572151038	-124.63519380525075	45.125962579320614	-490.0694580078125
0.9923536340838578	-124.6336602278458	45.125987314440046	-484.3653564453125
0.9938874109526119	-124.63212665044084	45.126012049559485	-482.0
0.9954211878213659	-124.63059307303588	45.12603678467892	-476.3653564453125
0.9969549646901199	-124.62905949563093	45.12606151979835	-472.0
0.998488741558874	-124.62752591822597	45.12608625491779	-467.4187927246094
1.000022518427628	-124.62599234082101	45.12611099003722	-462.0534362792969
1.0015562952963821	-124.62445876341606	45.12613572515666	-459.0694580078125
1.0030900721651361	-124.6229251860111	45.12616046027609	-454.0
1.0046238490338901	-124.62139160860615	45.12618519539552	-449.0694580078125
1.0061576259026441	-124.61985803120119	45.12620993051496	-445.0160217285156
1.0076914027713981	-124.61832445379623	45.12623466563439	-439.9465637207031
1.0092251796401521	-124.61679087639128	45.12625940075383	-437.0160217285156
1.0107589565089061	-124.61525729898632	45.12628413587326	-430.40557861328125
1.0122927333776603	-124.61372372158137	45.1263088709927	-426.0
1.0138265102464143	-124.61219014417641	45.126333606112134	-422.0703430175781
1.0153602871151683	-124.61065656677145	45.126358341231565	-416.0517883300781
1.0168940639839223	-124.6091229893665	45.126383076351004	-409.1212463378906
1.0184278408526763	-124.60758941196154	45.126407811470436	-402.6137390136719
1.0199616177214303	-124.60605583455659	45.126432546589875	-398.671875
1.0214953945901843	-124.60452225715163	45.12645728170931	-395.04351806640625
1.0230291714589383	-124.60298867974667	45.12648201682874	-393.0456848144531
1.0245629483276926	-124.60145510234172	45.12650675194818	-389.37060546875
1.0260967251964466	-124.59992152493676	45.12653148706761	-388.4228210449219
1.0276305020652006	-124.5983879475318	45.12655622218705	-386.9842834472656
1.0291642789339546	-124.59685437012685	45.12658095730648	-384.76654052734375
1.0306980558027086	-124.59532079272189	45.12660569242592	-381.6607971191406
1.0322318326714626	-124.59378721531694	45.12663042754535	-377.95965576171875
1.0337656095402166	-124.59225363791198	45.12665516266478	-372.91510009765625
1.0352993864089708	-124.59072006050702	45.12667989778422	-369.8018493652344
1.0368331632777248	-124.58918648310207	45.12670463290365	-366.80902099609375
1.0383669401464788	-124.58765290569711	45.12672936802309	-364.8659362792969
1.0399007170152328	-124.58611932829216	45.126754103142524	-362.2520446777344
1.0414344938839868	-124.5845857508872	45.12677883826196	-355.7695617675781
1.0429682707527408	-124.58305217348224	45.126803573381395	-354.1254577636719
1.0445020476214948	-124.58151859607729	45.126828308500826	-353.8621520996094
1.046035824490249	-124.57998501867233	45.126853043620265	-353.4521789550781
1.047569601359003	-124.57845144126738	45.1268777787397	-353.2561950683594
1.049103378227757	-124.57691786386242	45.126902513859136	-350.9731140136719
1.050637155096511	-124.57538428645746	45.12692724897857	-345.15289306640625
1.052170931965265	-124.57385070905251	45.126951984098	-345.449951171875
1.053704708834019	-124.57231713164757	45.12697671921744	-345.4637756347656
1.055238485702773	-124.57078355424261	45.12700145433687	-344.951416015625
1.0567722625715272	-124.56924997683765	45.12702618945631	-344.9383544921875
1.0583060394402812	-124.5677163994327	45.12705092457574	-344.9333190917969
1.0598398163090352	-124.56618282202774	45.12707565969518	-345.2261657714844
1.0613735931777892	-124.56464924462279	45.12710039481461	-340.2814636230469
1.0629073700465432	-124.56311566721783	45.12712512993404	-333.1756591796875
1.0644411469152972	-124.56158208981287	45.12714986505348	-333.949951171875
1.0659749237840512	-124.56004851240792	45.127174600172914	-333.2478332519531
1.0675087006528055	-124.55851493500296	45.12719933529235	-333.0807189941406
1.0690424775215595	-124.556981357598	45.127224070411785	-332.9056091308594
1.0705762543903135	-124.55544778019305	45.12724880553122	-332.8746032714844
1.0721100312590675	-124.55391420278809	45.127273540650656	-333.3544921875
1.0736438081278215	-124.55238062538314	45.12729827577009	-334.3354797363281
1.0751775849965755	-124.55084704797818	45.127323010889526	-335.12933349609375
1.0767113618653295	-124.54931347057322	45.12734774600896	-333.64825439453125
1.0782451387340835	-124.54777989316827	45.1273724811284	-332.9404602050781
1.0797789156028377	-124.54624631576331	45.12739721624783	-332.9393615722656
1.0813126924715917	-124.54471273835836	45.12742195136726	-333.257080078125
1.0828464693403457	-124.5431791609534	45.1274466864867	-333.77813720703125
1.0843802462090997	-124.54164558354844	45.12747142160613	-333.94000244140625
1.0859140230778537	-124.54011200614349	45.12749615672557	-334.2683410644531
1.0874477999466077	-124.53857842873853	45.127520891845	-336.3664855957031
1.0889815768153617	-124.53704485133358	45.127545626964434	-336.6654968261719
1.090515353684116	-124.53551127392862	45.12757036208387	-340.4892578125
1.09204913055287	-124.53397769652366	45.127595097203304	-343.5648193359375
1.093582907421624	-124.53244411911871	45.12761983232274	-346.49005126953125
1.095116684290378	-124.53091054171375	45.127644567442175	-347.72174072265625
1.096650461159132	-124.5293769643088	45.127669302561614	-347.97869873046875
1.098184238027886	-124.52784338690384	45.127694037681046	-348.4892272949219
1.09971801489664	-124.52630980949888	45.12771877280048	-350.0097351074219
1.1012517917653941	-124.52477623209393	45.12774350791992	-350.8507995605469
1.1027855686341481	-124.52324265468897	45.12776824303935	-350.9189453125
1.1043193455029021	-124.52170907728402	45.12779297815879	-350.9189453125
1.1058531223716561	-124.52017549987906	45.12781771327822	-351.49884033203125
1.1073868992404101	-124.5186419224741	45.12784244839766	-351.8420104980469
1.1089206761091641	-124.51710834506915	45.12786718351709	-355.1216125488281
1.1104544529779181	-124.51557476766419	45.12789191863652	-356.1160583496094
1.1119882298466723	-124.51404119025923	45.12791665375596	-357.10906982421875
1.1135220067154263	-124.51250761285428	45.12794138887539	-359.1179504394531
1.1150557835841803	-124.51097403544932	45.12796612399483	-359.4261474609375
1.1165895604529343	-124.50944045804437	45.12799085911426	-360.9550476074219
1.1181233373216883	-124.50790688063941	45.128015594233695	-363.072998046875
1.1196571141904423	-124.50637330323445	45.128040329353134	-363.67486572265625
1.1211908910591963	-124.5048397258295	45.128065064472565	-364.2801513671875
1.1227246679279506	-124.50330614842454	45.128089799592004	-366.67486572265625
1.1242584447967046	-124.50177257101959	45.128114534711436	-366.67486572265625
1.1257922216654586	-124.50023899361463	45.128139269830875	-367.072998046875
1.1273259985342126	-124.49870541620967	45.12816400495031	-366.2801513671875
1.1288597754029666	-124.49717183880472	45.12818874006974	-367.3531494140625
1.1303935522717206	-124.49563826139976	45.12821347518918	-368.0
1.1319273291404746	-124.4941046839948	45.12823821030861	-368.072998046875
1.1334611060092286	-124.49257110658985	45.12826294542805	-367.3402099609375
1.1349948828779828	-124.4910375291849	45.12828768054748	-369.26409912109375
1.1365286597467368	-124.48950395177994	45.12831241566691	-369.5127868652344
1.1380624366154908	-124.48797037437498	45.12833715078635	-370.3757019042969
1.1395962134842448	-124.48643679697003	45.12836188590578	-370.29803466796875
1.1411299903529988	-124.48490321956507	45.12838662102522	-370.5428161621094
1.1426637672217528	-124.48336964216011	45.12841135614465	-370.7904968261719
1.1441975440905068	-124.48183606475516	45.12843609126409	-369.7900695800781
1.145731320959261	-124.4803024873502	45.128460826383524	-369.43389892578125
1.147265097828015	-124.47876890994525	45.128485561502956	-369.0932312011719
1.148798874696769	-124.47723533254029	45.128510296622395	-368.8299560546875
1.150332651565523	-124.47570175513533	45.128535031741826	-368.8757019042969
1.151866428434277	-124.47416817773038	45.128559766861265	-368.6659240722656
1.153400205303031	-124.47263460032542	45.1285845019807	-368.34307861328125
1.154933982171785	-124.47110102292046	45.128609237100136	-368.1502380371094
1.1564677590405392	-124.46956744551551	45.12863397221957	-368.0756530761719
1.1580015359092932	-124.46803386811055	45.128658707339	-367.9253234863281
1.1595353127780472	-124.4665002907056	45.12868344245844	-367.7523498535156
1.1610690896468012	-124.46496671330064	45.12870817757787	-367.983642578125
1.1626028665155552	-124.46343313589568	45.12873291269731	-367.6346435546875
1.1641366433843092	-124.46189955849073	45.12875764781674	-366.8132019042969
1.1656704202530632	-124.46036598108577	45.12878238293617	-366.46160888671875
1.1672041971218174	-124.45883240368082	45.12880711805561	-366.10968017578125
1.1687379739905714	-124.45729882627586	45.12883185317504	-365.6009826660156
1.1702717508593254	-124.4557652488709	45.12885658829448	-365.07635498046875
1.1718055277280794	-124.45423167146595	45.128881323413914	-364.3546142578125
1.1733393045968334	-124.45269809406099	45.12890605853335	-363.5672912597656
1.1748730814655874	-124.45116451665604	45.128930793652785	-363.8292541503906
1.1764068583343414	-124.44963093925108	45.12895552877222	-363.09967041015625
1.1779406352030954	-124.44809736184612	45.128980263891656	-362.57763671875
1.1794744120718497	-124.44656378444117	45.12900499901109	-361.1277160644531
1.1810081889406037	-124.44503020703621	45.129029734130526	-355.9046936035156
1.1825419658093577	-124.44349662963126	45.12905446924996	-355.62872314453125
1.1840757426781117	-124.4419630522263	45.12907920436939	-355.3568420410156
1.1856095195468657	-124.44042947482134	45.12910393948883	-357.50640869140625
1.1871432964156197	-124.43889589741639	45.12912867460826	-356.3687744140625
1.1886770732843737	-124.43736232001143	45.1291534097277	-355.34130859375
1.1902108501531279	-124.43582874260647	45.12917814484713	-355.6753234863281
1.1917446270218819	-124.43429516520152	45.12920287996657	-354.91729736328125
1.1932784038906359	-124.43276158779656	45.129227615086	-354.0
1.1948121807593899	-124.4312280103916	45.129252350205434	-352.8587951660156
1.1963459576281439	-124.42969443298665	45.12927708532487	-354.0183410644531
1.1978797344968979	-124.4281608555817	45.129301820444304	-354.0411071777344
1.1994135113656519	-124.42662727817674	45.12932655556374	-353.94610595703125
1.200947288234406	-124.42509370077178	45.129351290683175	-355.449951171875
1.20248106510316	-124.42356012336683	45.12937602580261	-355.141357421875
1.204014841971914	-124.42202654596187	45.129400760922046	-354.9610290527344
1.205548618840668	-124.42049296855691	45.12942549604148	-354.2818298339844
1.207082395709422	-124.41895939115196	45.12945023116092	-353.91802978515625
1.208616172578176	-124.417425813747	45.12947496628035	-350.7190856933594
1.21014994944693	-124.41589223634205	45.12949970139979	-349.5306701660156
1.2116837263156843	-124.41435865893709	45.12952443651922	-347.7045593261719
1.2132175031844383	-124.41282508153213	45.12954917163865	-347.22314453125
1.2147512800531923	-124.41129150412718	45.12957390675809	-346.6968994140625
1.2162850569219463	-124.40975792672222	45.12959864187752	-344.1694030761719
1.2178188337907003	-124.40822434931727	45.12962337699696	-343.3364562988281
1.2193526106594543	-124.40669077191231	45.12964811211639	-347.7643127441406
1.2208863875282083	-124.40515719450735	45.12967284723583	-347.49163818359375
1.2224201643969625	-124.4036236171024	45.12969758235526	-347.4255065917969
1.2239539412657165	-124.40209003969744	45.129722317474695	-347.47998046875
1.2254877181344705	-124.40055646229249	45.12974705259413	-346.4011535644531
1.2270214950032245	-124.39902288488753	45.129771787713565	-346.830322265625
1.2285552718719785	-124.39748930748257	45.129796522833004	-347.2403259277344
1.2300890487407325	-124.39595573007762	45.129821257952436	-347.42901611328125
1.2316228256094865	-124.39442215267266	45.12984599307187	-346.2575988769531
1.2331566024782405	-124.3928885752677	45.12987072819131	-344.287353515625
1.2346903793469948	-124.39135499786275	45.12989546331074	-343.949951171875
1.2362241562157488	-124.38982142045779	45.12992019843018	-343.89678955078125
1.2377579330845028	-124.38828784305284	45.12994493354961	-343.0069580078125
1.2392917099532568	-124.38675426564788	45.12996966866905	-341.23260498046875
1.2408254868220108	-124.38522068824292	45.12999440378848	-341.4253845214844
1.2423592636907648	-124.38368711083797	45.13001913890791	-339.3638916015625
1.2438930405595188	-124.38215353343301	45.13004387402735	-337.7516174316406
1.245426817428273	-124.38061995602806	45.13006860914678	-337.15191650390625
1.246960594297027	-124.3790863786231	45.13009334426622	-336.3103332519531
1.248494371165781	-124.37755280121816	45.13011807938565	-334.00860595703125
1.250028148034535	-124.3760192238132	45.130142814505085	-331.3561096191406
1.251561924903289	-124.37448564640825	45.130167549624524	-326.1488037109375
1.253095701772043	-124.37295206900329	45.130192284743956	-325.99139404296875
1.254629478640797	-124.37141849159833	45.130217019863395	-320.1400451660156
1.2561632555095512	-124.36988491419338	45.130241754982826	-313.02264404296875
1.2576970323783052	-124.36835133678842	45.130266490102265	-313.6133117675781
1.2592308092470592	-124.36681775938347	45.1302912252217	-313.94781494140625
1.2607645861158132	-124.36528418197851	45.13031596034113	-312.2662048339844
1.2622983629845672	-124.36375060457355	45.13034069546057	-297.6550598144531
1.2638321398533212	-124.3622170271686	45.13036543058	-297.7978210449219
1.2653659167220752	-124.36068344976364	45.13039016569944	-297.1878356933594
1.2668996935908294	-124.35914987235869	45.13041490081887	-296.4855651855469
1.2684334704595834	-124.35761629495373	45.13043963593831	-292.8504943847656
1.2699672473283374	-124.35608271754877	45.13046437105774	-278.57342529296875
1.2715010241970914	-124.35454914014382	45.13048910617717	-278.24542236328125
1.2730348010658454	-124.35301556273886	45.13051384129661	-278.0243225097656
1.2745685779345994	-124.3514819853339	45.13053857641604	-277.4349670410156
1.2761023548033534	-124.34994840792895	45.13056331153548	-275.1691589355469
1.2776361316721077	-124.34841483052399	45.130588046654914	-265.70489501953125
1.2791699085408617	-124.34688125311904	45.130612781774346	-258.6420593261719
1.2807036854096157	-124.34534767571408	45.130637516893785	-256.4248962402344
1.2822374622783697	-124.34381409830912	45.13066225201322	-257.975341796875
1.2837712391471237	-124.34228052090417	45.130686987132655	-245.3186798095703
1.2853050160158777	-124.34074694349921	45.13071172225209	-241.2051544189453
1.2868387928846317	-124.33921336609426	45.130736457371526	-239.24496459960938
1.2883725697533857	-124.3376797886893	45.13076119249096	-237.2137908935547
1.2899063466221399	-124.33614621128434	45.13078592761039	-235.89891052246094
1.2914401234908939	-124.33461263387939	45.13081066272983	-235.66854858398438
1.2929739003596479	-124.33307905647443	45.13083539784926	-227.99851989746094
1.2945076772284019	-124.33154547906948	45.1308601329687	-226.4061279296875
1.2960414540971559	-124.33001190166452	45.13088486808813	-222.04913330078125
1.2975752309659099	-124.32847832425956	45.13090960320756	-220.44764709472656
1.2991090078346639	-124.32694474685461	45.130934338327	-218.91781616210938
1.300642784703418	-124.32541116944965	45.130959073446434	-218.0707550048828
1.302176561572172	-124.3238775920447	45.13098380856587	-216.5252227783203
1.303710338440926	-124.32234401463974	45.131008543685304	-212.2471466064453
1.30524411530968	-124.32081043723478	45.13103327880474	-211.44898986816406
1.306777892178434	-124.31927685982983	45.131058013924175	-210.998779296875
1.308311669047188	-124.31774328242487	45.13108274904361	-209.7300567626953
1.309845445915942	-124.31620970501992	45.131107484163046	-209.36436462402344
1.3113792227846963	-124.31467612761496	45.13113221928248	-202.37982177734375
1.3129129996534503	-124.31314255021	45.131156954401916	-202.9832763671875
1.3144467765222043	-124.31160897280505	45.13118168952135	-202.43504333496094
1.3159805533909583	-124.31007539540009	45.13120642464079	-201.92430114746094
1.3175143302597123	-124.30854181799513	45.13123115976022	-201.94898986816406
1.3190481071284663	-124.30700824059018	45.13125589487965	-198.79782104492188
1.3205818839972203	-124.30547466318522	45.13128062999909	-195.92430114746094
1.3221156608659745	-124.30394108578027	45.13130536511852	-194.63888549804688
1.3236494377347285	-124.30240750837531	45.13133010023796	-193.44898986816406
1.3251832146034825	-124.30087393097035	45.13135483535739	-193.0345916748047
1.3267169914722365	-124.2993403535654	45.131379570476824	-190.27981567382812
1.3282507683409905	-124.29780677616044	45.13140430559626	-189.45449829101562
1.3297845452097445	-124.29627319875549	45.131429040715695	-189.18455505371094
1.3313183220784985	-124.29473962135053	45.13145377583513	-188.90284729003906
1.3328520989472528	-124.29320604394557	45.131478510954565	-188.98458862304688
1.3343858758160068	-124.29167246654062	45.131503246074004	-185.83045959472656
1.3359196526847608	-124.29013888913566	45.131527981193436	-184.92333984375
1.3374534295535148	-124.2886053117307	45.13155271631287	-184.9516143798828
1.3389872064222688	-124.28707173432575	45.13157745143231	-184.94981384277344
1.3405209832910228	-124.2855381569208	45.13160218655174	-184.9522247314453
1.3420547601597768	-124.28400457951584	45.13162692167118	-182.63204956054688
1.3435885370285308	-124.28247100211088	45.13165165679061	-180.949951171875
1.345122313897285	-124.28093742470593	45.13167639191004	-180.7688446044922
1.346656090766039	-124.27940384730097	45.13170112702948	-179.93971252441406
1.348189867634793	-124.27787026989601	45.13172586214891	-178.949951171875
1.349723644503547	-124.27633669249106	45.13175059726835	-178.95352172851562
1.351257421372301	-124.2748031150861	45.13177533238778	-177.9567413330078
1.352791198241055	-124.27326953768114	45.13180006750722	-177.5635528564453
1.354324975109809	-124.27173596027619	45.13182480262665	-177.80397033691406
1.3558587519785632	-124.27020238287123	45.131849537746085	-178.01626586914062
1.3573925288473172	-124.26866880546628	45.131874272865524	-177.2710723876953
1.3589263057160712	-124.26713522806132	45.131899007984956	-177.12567138671875
1.3604600825848252	-124.26560165065636	45.131923743104394	-176.97605895996094
1.3619938594535792	-124.26406807325141	45.131948478223826	-175.56436157226562
1.3635276363223332	-124.26253449584645	45.13197321334326	-174.449951171875
1.3650614131910872	-124.2610009184415	45.1319979484627	-174.44830322265625
1.3665951900598414	-124.25946734103654	45.13202268358213	-174.476318359375
1.3681289669285954	-124.25793376363158	45.13204741870157	-173.949951171875
1.3696627437973494	-124.25640018622663	45.132072153821	-173.8237762451172
1.3711965206661034	-124.25486660882167	45.13209688894044	-173.04263305664062
1.3727302975348574	-124.25333303141672	45.13212162405987	-170.2996826171875
1.3742640744036114	-124.25179945401176	45.1321463591793	-168.65882873535156
1.3757978512723654	-124.2502658766068	45.13217109429874	-167.93209838867188
1.3773316281411196	-124.24873229920185	45.13219582941817	-167.45863342285156
1.3788654050098736	-124.24719872179689	45.13222056453761	-166.91697692871094
1.3803991818786276	-124.24566514439194	45.13224529965704	-166.95278930664062
1.3819329587473816	-124.24413156698698	45.13227003477648	-166.95751953125
1.3834667356161356	-124.24259798958202	45.132294769895914	-166.95751953125
1.3850005124848896	-124.24106441217707	45.132319505015346	-166.65643310546875
1.3865342893536436	-124.23953083477211	45.132344240134785	-166.45974731445312
1.3880680662223976	-124.23799725736716	45.13236897525422	-166.1562957763672
1.3896018430911519	-124.2364636799622	45.132393710373655	-165.95974731445312
1.3911356199599059	-124.23493010255724	45.13241844549309	-165.43209838867188
1.3926693968286599	-124.23339652515229	45.13244318061252	-164.6498565673828
1.3942031736974139	-124.23186294774733	45.13246791573196	-163.92979431152344
1.3957369505661679	-124.23032937034237	45.13249265085139	-159.42791748046875
1.3972707274349219	-124.22879579293742	45.13251738597083	-154.71243286132812
1.3988045043036759	-124.22726221553246	45.13254212109026	-154.39993286132812
1.40033828117243	-124.2257286381275	45.1325668562097	-153.66749572753906
1.401872058041184	-124.22419506072255	45.13259159132913	-153.48292541503906
1.403405834909938	-124.2226614833176	45.13261632644856	-153.11949157714844
1.404939611778692	-124.22112790591264	45.132641061568	-152.593505859375
1.406473388647446	-124.21959432850768	45.132665796687434	-149.86880493164062
1.4080071655162	-124.21806075110273	45.13269053180687	-149.1565704345703
1.409540942384954	-124.21652717369777	45.132715266926304	-146.66554260253906
1.4110747192537083	-124.21499359629281	45.132740002045736	-145.97242736816406
1.4126084961224623	-124.21346001888786	45.132764737165175	-145.62191772460938
1.4141422729912163	-124.2119264414829	45.13278947228461	-144.4221649169922
1.4156760498599703	-124.21039286407795	45.132814207404046	-143.87673950195312
1.4172098267287243	-124.20885928667299	45.13283894252348	-143.4228973388672
1.4187436035974783	-124.20732570926803	45.132863677642916	-143.3302459716797
1.4202773804662323	-124.20579213186308	45.13288841276235	-142.85848999023438
1.4218111573349865	-124.20425855445812	45.13291314788178	-141.63035583496094
1.4233449342037405	-124.20272497705317	45.13293788300122	-140.5749053955078
1.4248787110724945	-124.20119139964821	45.13296261812065	-138.86781311035156
1.4264124879412485	-124.19965782224325	45.13298735324009	-136.28457641601562
1.4279462648100025	-124.1981242448383	45.13301208835952	-136.16346740722656
1.4294800416787565	-124.19659066743334	45.13303682347896	-135.949951171875
1.4310138185475105	-124.19505709002839	45.13306155859839	-134.4088897705078
1.4325475954162648	-124.19352351262343	45.133086293717824	-132.49716186523438
1.4340813722850188	-124.19198993521847	45.13311102883726	-132.4949951171875
1.4356151491537728	-124.19045635781352	45.133135763956695	-131.99574279785156
1.4371489260225268	-124.18892278040856	45.13316049907613	-131.3808135986328
1.4386827028912808	-124.18738920300362	45.133185234195565	-131.19479370117188
1.4402164797600348	-124.18585562559866	45.133209969315	-130.95211791992188
1.4417502566287888	-124.1843220481937	45.133234704434436	-130.97689819335938
1.4432840334975428	-124.18278847078875	45.13325943955387	-127.62748718261719
1.444817810366297	-124.1812548933838	45.13328417467331	-126.949951171875
1.446351587235051	-124.17972131597884	45.13330890979274	-126.9814453125
1.447885364103805	-124.17818773857388	45.13333364491218	-127.1183090209961
1.449419140972559	-124.17665416116893	45.13335838003161	-122.449951171875
1.450952917841313	-124.17512058376397	45.13338311515104	-122.17840576171875
1.452486694710067	-124.17358700635901	45.13340785027048	-122.29470825195312
1.454020471578821	-124.17205342895406	45.13343258538991	-121.05308532714844
1.4555542484475752	-124.1705198515491	45.13345732050935	-119.949951171875
1.4570880253163292	-124.16898627414415	45.13348205562878	-119.9493179321289
1.4586218021850832	-124.16745269673919	45.133506790748214	-119.9875717163086
1.4601555790538372	-124.16591911933423	45.13353152586765	-119.63797760009766
1.4616893559225912	-124.16438554192928	45.133556260987085	-119.52190399169922
1.4632231327913452	-124.16285196452432	45.133580996106524	-118.67012023925781
1.4647569096600992	-124.16131838711937	45.133605731225956	-117.98209381103516
1.4662906865288534	-124.15978480971441	45.133630466345394	-116.28400421142578
1.4678244633976074	-124.15825123230945	45.133655201464826	-109.95865631103516
1.4693582402663614	-124.1567176549045	45.13367993658426	-109.50760650634766
1.4708920171351154	-124.15518407749954	45.1337046717037	-107.91563415527344
1.4724257940038694	-124.15365050009459	45.13372940682313	-106.95588684082031
1.4739595708726234	-124.15211692268963	45.13375414194257	-106.17684173583984
1.4754933477413774	-124.15058334528467	45.133778877062	-105.45204162597656
1.4770271246101316	-124.14904976787972	45.13380361218143	-105.5126953125
1.4785609014788856	-124.14751619047476	45.13382834730087	-104.97785949707031
1.4800946783476396	-124.1459826130698	45.1338530824203	-103.949951171875
1.4816284552163936	-124.14444903566485	45.13387781753974	-102.65253448486328
1.4831622320851476	-124.14291545825989	45.13390255265917	-102.449951171875
1.4846960089539016	-124.14138188085494	45.13392728777861	-102.0811538696289
1.4862297858226556	-124.13984830344998	45.13395202289804	-100.3936538696289
1.4877635626914099	-124.13831472604502	45.133976758017475	-99.449951171875
1.4892973395601639	-124.13678114864007	45.134001493136914	-99.44957733154297
1.4908311164289179	-124.13524757123511	45.134026228256346	-99.45588684082031
1.4923648932976719	-124.13371399383016	45.134050963375785	-98.8990478515625
1.4938986701664259	-124.1321804164252	45.13407569849522	-98.98014831542969
1.4954324470351799	-124.13064683902024	45.134100433614655	-98.44401550292969
1.4969662239039339	-124.12911326161529	45.13412516873409	-97.6922607421875
1.4985000007726879	-124.12757968421033	45.13414990385352	-97.2835464477539
1.500033777641442	-124.12604610680538	45.13417463897296	-96.75580596923828
1.501567554510196	-124.12451252940042	45.13419937409239	-96.39962005615234
1.50310133137895	-124.12297895199546	45.13422410921183	-95.41790771484375
1.504635108247704	-124.12144537459051	45.13424884433126	-94.83604431152344
1.506168885116458	-124.11991179718555	45.13427357945069	-91.50651550292969
1.507702661985212	-124.1183782197806	45.13429831457013	-90.41253662109375
1.509236438853966	-124.11684464237564	45.13432304968956	-89.91927337646484
1.5107702157227203	-124.11531106497068	45.134347784809	-89.97823333740234
1.5123039925914743	-124.11377748756573	45.134372519928434	-89.42903137207031
1.5138377694602283	-124.11224391016077	45.13439725504787	-89.25634002685547
1.5153715463289823	-124.11071033275581	45.134421990167304	-89.28462219238281
1.5169053231977363	-124.10917675535086	45.134446725286736	-88.51478576660156
1.5184391000664903	-124.1076431779459	45.134471460406175	-88.4510269165039
1.5199728769352443	-124.10610960054095	45.13449619552561	-88.08418273925781
1.5215066538039985	-124.10457602313599	45.134520930645046	-87.48542022705078
1.5230404306727525	-124.10304244573103	45.13454566576448	-87.449951171875
1.5245742075415065	-124.10150886832608	45.13457040088391	-86.7371597290039
1.5261079844102605	-124.09997529092112	45.13459513600335	-85.46633911132812
1.5276417612790145	-124.09844171351617	45.13461987112278	-83.72754669189453
1.5291755381477685	-124.09690813611121	45.13464460624222	-82.0482177734375
1.5307093150165225	-124.09537455870625	45.13466934136165	-78.46794128417969
1.5322430918852767	-124.0938409813013	45.13469407648109	-77.93765258789062
1.5337768687540307	-124.09230740389634	45.13471881160052	-77.94796752929688
1.5337768687540307	-124.09230740389634	45.13471881160052	-77.94796752929688
