0.0	-125.4403714130915	45.66652387944815	-2334.9375
0.0024808289003742582	-125.4397406675459	45.664124572862974	-2325.51025390625
0.0049616578007485165	-125.43910992200033	45.661725266277806	-2316.97314453125
0.007442486701122774	-125.43847917645473	45.65932595969263	-2313.137939453125
0.009923315601497033	-125.43784843090916	45.656926653107455	-2310.669677734375
0.012404144501871292	-125.43721768536356	45.654527346522286	-2304.68798828125
0.014884973402245549	-125.43658693981797	45.65212803993711	-2294.443115234375
0.017365802302619807	-125.43595619427239	45.649728733351935	-2282.462890625
0.019846631202994066	-125.4353254487268	45.64732942676677	-2283.16259765625
0.022327460103368325	-125.43469470318122	45.64493012018159	-2273.865478515625
0.024808289003742583	-125.43406395763563	45.642530813596416	-2271.427978515625
0.027289117904116842	-125.43343321209004	45.64013150701125	-2269.99609375
0.029769946804491097	-125.43280246654446	45.63773220042607	-2259.131591796875
0.032250775704865356	-125.43217172099887	45.6353328938409	-2240.520751953125
0.034731604605239615	-125.43154097545329	45.63293358725573	-2280.777099609375
0.03721243350561387	-125.4309102299077	45.63053428067055	-2275.94921875
0.03969326240598813	-125.43027948436212	45.628134974085384	-2265.30419921875
0.04217409130636239	-125.42964873881652	45.62573566750021	-2251.9814453125
0.04465492020673665	-125.42901799327093	45.62333636091503	-2249.90380859375
0.04713574910711091	-125.42838724772535	45.620937054329865	-2253.193603515625
0.04961657800748517	-125.42775650217976	45.61853774774469	-2251.375244140625
0.052097406907859425	-125.42712575663418	45.616138441159514	-2228.646728515625
0.054578235808233684	-125.42649501108859	45.613739134574345	-2202.79345703125
0.05705906470860794	-125.425864265543	45.61133982798917	-2217.302734375
0.059539893608982195	-125.42523351999742	45.608940521403994	-2167.1943359375
0.06202072250935645	-125.42460277445183	45.606541214818826	-2169.840576171875
0.06450155140973071	-125.42397202890625	45.60414190823365	-2157.385498046875
0.06698238031010498	-125.42334128336066	45.601742601648475	-2168.611572265625
0.06946320921047923	-125.42271053781506	45.599343295063306	-2169.39599609375
0.0719440381108535	-125.42207979226949	45.59694398847813	-2175.4150390625
0.07442486701122775	-125.4214490467239	45.594544681892955	-2187.99267578125
0.07690569591160201	-125.42081830117831	45.59214537530779	-2198.0712890625
0.07938652481197626	-125.42018755563272	45.58974606872261	-2207.202880859375
0.08186735371235052	-125.41955681008713	45.58734676213744	-2209.033935546875
0.08434818261272478	-125.41892606454155	45.58494745555227	-2219.28857421875
0.08682901151309903	-125.41829531899596	45.58254814896709	-2224.97021484375
0.0893098404134733	-125.41766457345038	45.580148842381924	-2232.730224609375
0.09179066931384755	-125.41703382790479	45.57774953579675	-2239.384521484375
0.09427149821422182	-125.4164030823592	45.57535022921157	-2240.314697265625
0.09675232711459607	-125.41577233681362	45.572950922626404	-2246.24755859375
0.09923315601497033	-125.41514159126802	45.57055161604123	-2245.77197265625
0.10171398491534459	-125.41451084572245	45.56815230945605	-2237.78125
0.10419481381571885	-125.41388010017685	45.565753002870885	-2258.302490234375
0.1066756427160931	-125.41324935463128	45.56335369628571	-2257.981689453125
0.10915647161646737	-125.41261860908568	45.560954389700534	-2249.543701171875
0.11163730051684162	-125.41198786354009	45.558555083115365	-2267.43994140625
0.11411812941721589	-125.41135711799451	45.55615577653019	-2374.382080078125
0.11659895831759014	-125.41072637244892	45.553756469945014	-2377.57421875
0.11907978721796439	-125.41009562690334	45.551357163359846	-2368.393310546875
0.12156061611833865	-125.40946488135775	45.54895785677467	-2383.4931640625
0.1240414450187129	-125.40883413581216	45.546558550189495	-2399.896484375
0.12652227391908716	-125.40820339026658	45.54415924360433	-2405.477783203125
0.12900310281946142	-125.40757264472099	45.54175993701915	-2414.17578125
0.1314839317198357	-125.40694189917541	45.539360630433976	-2422.295654296875
0.13396476062020996	-125.40631115362982	45.53696132384881	-2418.756591796875
0.1364455895205842	-125.40568040808422	45.53456201726363	-2373.529296875
0.13892641842095846	-125.40504966253864	45.53216271067846	-2295.907958984375
0.14140724732133272	-125.40441891699305	45.52976340409329	-2229.626220703125
0.143888076221707	-125.40378817144747	45.52736409750811	-2175.205810546875
0.14636890512208123	-125.40315742590188	45.524964790922944	-2139.98681640625
0.1488497340224555	-125.40252668035629	45.52256548433777	-2082.5771484375
0.15133056292282976	-125.40189593481071	45.52016617775259	-1884.6612548828125
0.15381139182320402	-125.40126518926512	45.517766871167424	-1856.55419921875
0.15629222072357826	-125.40063444371954	45.51536756458225	-1839.9937744140625
0.15877304962395253	-125.40000369817395	45.51296825799707	-1832.0977783203125
0.1612538785243268	-125.39937295262835	45.510568951411905	-1824.7474365234375
0.16373470742470103	-125.39874220708278	45.50816964482673	-1821.80859375
0.1662155363250753	-125.39811146153718	45.505770338241554	-1816.6531982421875
0.16869636522544956	-125.3974807159916	45.503371031656386	-1808.212890625
0.17117719412582383	-125.39684997044601	45.50097172507121	-1807.948486328125
0.17365802302619807	-125.39621922490042	45.498572418486035	-1791.1761474609375
0.17613885192657233	-125.39558847935484	45.496173111900866	-1791.322021484375
0.1786196808269466	-125.39495773380925	45.49377380531569	-1778.65283203125
0.18110050972732086	-125.39432698826367	45.491374498730515	-1773.775634765625
0.1835813386276951	-125.39369624271808	45.48897519214535	-1789.1336669921875
0.18606216752806937	-125.3930654971725	45.48657588556017	-1786.4571533203125
0.18854299642844363	-125.39243475162691	45.484176578975	-1790.6429443359375
0.1910238253288179	-125.39180400608132	45.48177727238983	-1808.9215087890625
0.19350465422919214	-125.39117326053574	45.47937796580465	-1822.9171142578125
0.1959854831295664	-125.39054251499014	45.47697865921948	-1844.4146728515625
0.19846631202994067	-125.38991176944457	45.47457935263431	-1871.417724609375
0.2009471409303149	-125.38928102389897	45.47218004604913	-1897.3194580078125
0.20342796983068917	-125.38865027835338	45.469780739463964	-1931.454833984375
0.20590879873106344	-125.3880195328078	45.46738143287879	-1930.90185546875
0.2083896276314377	-125.38738878726221	45.46498212629361	-1922.889404296875
0.21087045653181194	-125.38675804171663	45.462582819708445	-1918.4622802734375
0.2133512854321862	-125.38612729617104	45.46018351312327	-1923.87890625
0.21583211433256047	-125.38549655062545	45.45778420653809	-1938.814697265625
0.21831294323293474	-125.38486580507987	45.455384899952925	-1959.9588623046875
0.22079377213330897	-125.38423505953428	45.45298559336775	-1973.774658203125
0.22327460103368324	-125.3836043139887	45.450586286782574	-1985.1282958984375
0.2257554299340575	-125.3829735684431	45.448186980197406	-1982.519287109375
0.22823625883443177	-125.38234282289751	45.44578767361223	-1992.6475830078125
0.230717087734806	-125.38171207735193	45.443388367027055	-1985.002685546875
0.23319791663518027	-125.38108133180634	45.440989060441886	-2051.060302734375
0.23567874553555454	-125.38045058626076	45.43858975385671	-2073.78173828125
0.23815957443592878	-125.37981984071517	45.43619044727154	-2036.438232421875
0.24064040333630304	-125.37918909516958	45.43379114068637	-2062.84228515625
0.2431212322366773	-125.378558349624	45.43139183410119	-2172.292724609375
0.24560206113705157	-125.37792760407841	45.42899252751602	-2151.157958984375
0.2480828900374258	-125.37729685853283	45.42659322093085	-2042.2950439453125
0.2505637189378001	-125.37666611298724	45.42419391434567	-2019.8651123046875
0.2530445478381743	-125.37603536744166	45.4217946077605	-2045.11572265625
0.2555253767385486	-125.37540462189607	45.41939530117533	-2034.734375
0.25800620563892285	-125.37477387635047	45.41699599459015	-1946.7091064453125
0.2604870345392971	-125.3741431308049	45.414596688004984	-1936.7840576171875
0.2629678634396714	-125.3735123852593	45.41219738141981	-1987.8621826171875
0.26544869234004564	-125.37288163971373	45.40979807483463	-2096.662109375
0.2679295212404199	-125.37225089416813	45.407398768249465	-2136.61376953125
0.2704103501407942	-125.37162014862254	45.40499946166429	-2044.2767333984375
0.2728911790411684	-125.37098940307696	45.402600155079114	-2107.296142578125
0.27537200794154265	-125.37035865753137	45.400200848493945	-2165.686767578125
0.2778528368419169	-125.36972791198579	45.39780154190877	-2202.63232421875
0.2803336657422912	-125.3690971664402	45.395402235323594	-2242.670654296875
0.28281449464266545	-125.3684664208946	45.393002928738426	-2098.997802734375
0.2852953235430397	-125.36783567534903	45.39060362215325	-2046.1754150390625
0.287776152443414	-125.36720492980344	45.388204315568075	-2075.430908203125
0.2902569813437882	-125.36657418425786	45.385805008982906	-2074.05859375
0.29273781024416246	-125.36594343871226	45.38340570239773	-2062.538330078125
0.2952186391445367	-125.36531269316667	45.38100639581256	-2064.54052734375
0.297699468044911	-125.3646819476211	45.37860708922739	-2061.723876953125
0.30018029694528525	-125.3640512020755	45.37620778264221	-2044.46435546875
0.3026611258456595	-125.36342045652992	45.37380847605704	-2103.06298828125
0.3051419547460338	-125.36278971098433	45.37140916947187	-2254.44775390625
0.30762278364640805	-125.36215896543874	45.36900986288669	-2282.186767578125
0.31010361254678226	-125.36152821989316	45.366610556301524	-2273.7861328125
0.3125844414471565	-125.36089747434757	45.36421124971635	-2253.470458984375
0.3150652703475308	-125.36026672880199	45.36181194313117	-2253.466064453125
0.31754609924790506	-125.3596359832564	45.359412636546004	-2242.564697265625
0.3200269281482793	-125.35900523771082	45.35701332996083	-2197.12353515625
0.3225077570486536	-125.35837449216523	45.35461402337565	-2192.016357421875
0.32498858594902785	-125.35774374661963	45.352214716790485	-2185.289306640625
0.32746941484940206	-125.35711300107405	45.34981541020531	-2188.611328125
0.32995024374977633	-125.35648225552846	45.347416103620134	-2194.46923828125
0.3324310726501506	-125.35585150998288	45.345016797034965	-2196.160400390625
0.33491190155052486	-125.35522076443729	45.34261749044979	-2194.56640625
0.3373927304508991	-125.3545900188917	45.340218183864614	-2179.07666015625
0.3398735593512734	-125.35395927334612	45.337818877279446	-2171.6943359375
0.34235438825164766	-125.35332852780053	45.33541957069427	-2150.7001953125
0.3448352171520219	-125.35269778225495	45.3330202641091	-2092.440673828125
0.34731604605239613	-125.35206703670936	45.33062095752393	-2070.806396484375
0.3497968749527704	-125.35143629116376	45.32822165093875	-2045.9906005859375
0.35227770385314466	-125.35080554561819	45.32582234435358	-2036.6236572265625
0.35475853275351893	-125.3501748000726	45.32342303776841	-1923.99462890625
0.3572393616538932	-125.34954405452702	45.32102373118323	-1787.5838623046875
0.35972019055426746	-125.34891330898142	45.31862442459806	-1752.30322265625
0.3622010194546417	-125.34828256343583	45.31622511801289	-1742.845703125
0.36468184835501594	-125.34765181789025	45.31382581142771	-1741.9639892578125
0.3671626772553902	-125.34702107234466	45.311426504842544	-1734.576904296875
0.36964350615576447	-125.34639032679908	45.30902719825737	-1723.3665771484375
0.37212433505613873	-125.34575958125349	45.30662789167219	-1714.70654296875
0.374605163956513	-125.3451288357079	45.304228585087024	-1711.0323486328125
0.37708599285688726	-125.34449809016232	45.30182927850185	-1703.882080078125
0.37956682175726153	-125.34386734461673	45.29942997191667	-1703.9993896484375
0.3820476506576358	-125.34323659907115	45.297030665331505	-1703.7822265625
0.38452847955801	-125.34260585352555	45.29463135874633	-1703.128173828125
0.38700930845838427	-125.34197510797996	45.292232052161154	-1706.32275390625
0.38949013735875854	-125.34134436243438	45.289832745575985	-1711.74951171875
0.3919709662591328	-125.34071361688879	45.28743343899081	-1718.84521484375
0.39445179515950707	-125.34008287134321	45.285034132405634	-1726.9322509765625
0.39693262405988133	-125.33945212579762	45.282634825820466	-1735.4134521484375
0.3994134529602556	-125.33882138025204	45.28023551923529	-1740.967041015625
0.4018942818606298	-125.33819063470645	45.27783621265012	-1735.2298583984375
0.4043751107610041	-125.33755988916086	45.27543690606495	-1731.1544189453125
0.40685593966137834	-125.33692914361528	45.27303759947977	-1734.636474609375
0.4093367685617526	-125.33629839806969	45.2706382928946	-1751.5760498046875
0.41181759746212687	-125.33566765252411	45.26823898630943	-1770.0458984375
0.41429842636250114	-125.33503690697852	45.26583967972425	-1779.994140625
0.4167792552628754	-125.33440616143292	45.26344037313908	-1787.1943359375
0.41926008416324967	-125.33377541588735	45.26104106655391	-1806.5709228515625
0.4217409130636239	-125.33314467034175	45.25864175996873	-1836.6002197265625
0.42422174196399814	-125.33251392479617	45.256242453383564	-1846.2198486328125
0.4267025708643724	-125.33188317925058	45.25384314679839	-1871.861328125
0.4291833997647467	-125.33125243370499	45.25144384021321	-1899.141845703125
0.43166422866512094	-125.33062168815941	45.249044533628044	-1938.2713623046875
0.4341450575654952	-125.32999094261382	45.24664522704287	-1988.5904541015625
0.4366258864658695	-125.32936019706824	45.24424592045769	-2006.43994140625
0.4391067153662437	-125.32872945152265	45.241846613872525	-2015.5020751953125
0.44158754426661795	-125.32809870597706	45.23944730728735	-2021.5279541015625
0.4440683731669922	-125.32746796043148	45.237048000702174	-2025.1070556640625
0.4465492020673665	-125.32683721488588	45.234648694117006	-2027.560302734375
0.44903003096774075	-125.3262064693403	45.23224938753183	-2027.0
0.451510859868115	-125.32557572379471	45.22985008094666	-2025.2862548828125
0.4539916887684893	-125.32494497824912	45.227450774361486	-2024.0150146484375
0.45647251766886354	-125.32431423270354	45.22505146777631	-2020.9766845703125
0.45895334656923775	-125.32368348715795	45.22265216119114	-2018.8074951171875
0.461434175469612	-125.32305274161237	45.22025285460597	-2015.333740234375
0.4639150043699863	-125.32242199606678	45.21785354802079	-2013.7060546875
0.46639583327036055	-125.3217912505212	45.21545424143562	-2009.1568603515625
0.4688766621707348	-125.32116050497561	45.21305493485045	-2002.8646240234375
0.4713574910711091	-125.32052975943002	45.21065562826527	-1985.79638671875
0.47383831997148335	-125.31989901388444	45.2082563216801	-1959.877197265625
0.47631914887185756	-125.31926826833885	45.20585701509493	-1947.186767578125
0.4787999777722318	-125.31863752279327	45.20345770850975	-1950.1636962890625
0.4812808066726061	-125.31800677724767	45.201058401924584	-1962.8966064453125
0.48376163557298035	-125.31737603170208	45.19865909533941	-1971.69482421875
0.4862424644733546	-125.3167452861565	45.19625978875423	-1973.9764404296875
0.4887232933737289	-125.31611454061091	45.193860482169065	-1974.961181640625
0.49120412227410315	-125.31548379506533	45.19146117558389	-1976.1861572265625
0.4936849511744774	-125.31485304951974	45.189061868998714	-1961.281005859375
0.4961657800748516	-125.31422230397415	45.186662562413545	-1933.8221435546875
0.4986466089752259	-125.31359155842857	45.18426325582837	-1904.11865234375
0.5011274378756002	-125.31296081288298	45.181863949243194	-1876.2486572265625
0.5036082667759745	-125.3123300673374	45.179464642658026	-1848.3450927734375
0.5060890956763486	-125.3116993217918	45.17706533607285	-1830.1348876953125
0.5085699245767229	-125.31106857624621	45.17466602948768	-1839.246826171875
0.5110507534770972	-125.31043783070064	45.172266722902506	-1801.6793212890625
0.5135315823774714	-125.30980708515504	45.16986741631733	-1739.8780517578125
0.5160124112778457	-125.30917633960946	45.16746810973216	-1707.3900146484375
0.51849324017822	-125.30854559406387	45.16506880314699	-1637.9210205078125
0.5209740690785942	-125.30791484851828	45.16266949656181	-1619.5794677734375
0.5234548979789685	-125.3072841029727	45.16027018997664	-1603.4766845703125
0.5259357268793428	-125.30665335742711	45.15787088339147	-1586.6629638671875
0.528416555779717	-125.30602261188153	45.15547157680629	-1586.6846923828125
0.5308973846800913	-125.30539186633594	45.153072270221124	-1593.1220703125
0.5333782135804656	-125.30476112079036	45.15067296363595	-1598.4810791015625
0.5358590424808398	-125.30413037524477	45.14827365705077	-1579.87646484375
0.5383398713812141	-125.30349962969917	45.145874350465604	-1549.9423828125
0.5408207002815884	-125.3028688841536	45.14347504388043	-1603.091064453125
0.5433015291819625	-125.302238138608	45.14107573729525	-1673.0113525390625
0.5457823580823368	-125.30160739306243	45.138676430710085	-1664.0885009765625
0.548263186982711	-125.30097664751683	45.13627712412491	-1663.2979736328125
0.5507440158830853	-125.30034590197124	45.133877817539734	-1656.039794921875
0.5532248447834596	-125.29971515642566	45.131478510954565	-1712.332275390625
0.5557056736838338	-125.29908441088007	45.12907920436939	-1667.49072265625
0.5581865025842081	-125.29845366533449	45.12667989778422	-1638.8367919921875
0.5606673314845824	-125.2978229197889	45.124280591199046	-1614.8985595703125
0.5631481603849566	-125.2971921742433	45.12188128461387	-1606.752685546875
0.5656289892853309	-125.29656142869773	45.1194819780287	-1533.5069580078125
0.5681098181857052	-125.29593068315214	45.11708267144353	-1514.7471923828125
0.5705906470860794	-125.29529993760656	45.11468336485835	-1521.969970703125
0.5730714759864537	-125.29466919206097	45.11228405827318	-1534.143310546875
0.575552304886828	-125.29403844651537	45.10988475168801	-1521.8358154296875
0.5780331337872022	-125.2934077009698	45.10748544510283	-1565.6177978515625
0.5805139626875764	-125.2927769554242	45.10508613851766	-1590.013671875
0.5829947915879506	-125.29214620987862	45.10268683193249	-1588.536376953125
0.5854756204883249	-125.29151546433303	45.10028752534731	-1667.1175537109375
0.5879564493886992	-125.29088471878744	45.097888218762144	-1632.027099609375
0.5904372782890734	-125.29025397324186	45.09548891217697	-1665.397705078125
0.5929181071894477	-125.28962322769627	45.09308960559179	-1652.630859375
0.595398936089822	-125.28899248215069	45.090690299006624	-1666.3145751953125
0.5978797649901962	-125.2883617366051	45.08829099242145	-1665.3455810546875
0.6003605938905705	-125.2877309910595	45.08589168583627	-1694.449462890625
0.6028414227909448	-125.28710024551393	45.083492379251105	-1725.6253662109375
0.605322251691319	-125.28646949996833	45.08109307266593	-1703.7769775390625
0.6078030805916933	-125.28583875442276	45.07869376608076	-1726.2384033203125
0.6102839094920676	-125.28520800887716	45.076294459495585	-1742.698486328125
0.6127647383924418	-125.28457726333158	45.07389515291041	-1740.4080810546875
0.6152455672928161	-125.28394651778599	45.07149584632524	-1744.2977294921875
0.6177263961931903	-125.2833157722404	45.069096539740066	-1740.3482666015625
0.6202072250935645	-125.28268502669482	45.06669723315489	-1749.0247802734375
0.6226880539939388	-125.28205428114923	45.06429792656972	-1686.8980712890625
0.625168882894313	-125.28142353560365	45.06189861998455	-1718.4071044921875
0.6276497117946873	-125.28079279005806	45.05949931339937	-1760.1080322265625
0.6301305406950616	-125.28016204451247	45.0571000068142	-1740.755615234375
0.6326113695954358	-125.27953129896689	45.05470070022903	-1796.9757080078125
0.6350921984958101	-125.2789005534213	45.05230139364385	-1880.4093017578125
0.6375730273961844	-125.27826980787572	45.04990208705868	-1889.1802978515625
0.6400538562965586	-125.27763906233012	45.04750278047351	-1821.50244140625
0.6425346851969329	-125.27700831678453	45.04510347388833	-1770.21826171875
0.6450155140973072	-125.27637757123895	45.042704167303164	-1769.917236328125
0.6474963429976814	-125.27574682569336	45.04030486071799	-1727.279296875
0.6499771718980557	-125.27511608014778	45.03790555413281	-1726.6868896484375
0.65245800079843	-125.27448533460219	45.035506247547644	-1739.3284912109375
0.6549388296988041	-125.2738545890566	45.03310694096247	-1646.3548583984375
0.6574196585991784	-125.27322384351102	45.03070763437729	-1611.400634765625
0.6599004874995527	-125.27259309796543	45.028308327792125	-1577.3350830078125
0.6623813163999269	-125.27196235241985	45.02590902120695	-1536.16162109375
0.6648621453003012	-125.27133160687426	45.02350971462178	-1574.02490234375
0.6673429742006755	-125.27070086132866	45.021110408036606	-1557.9442138671875
0.6698238031010497	-125.27007011578308	45.01871110145143	-1545.340576171875
0.672304632001424	-125.26943937023749	45.01631179486626	-1654.16650390625
0.6747854609017983	-125.26880862469191	45.013912488281086	-1502.2459716796875
0.6772662898021725	-125.26817787914632	45.01151318169591	-1413.5179443359375
0.6797471187025468	-125.26754713360074	45.00911387511074	-1407.9273681640625
0.682227947602921	-125.26691638805515	45.00671456852557	-1416.5994873046875
0.6847087765032953	-125.26628564250956	45.00431526194039	-1394.43505859375
0.6871896054036696	-125.26565489696398	45.00191595535522	-1455.943115234375
0.6896704343040438	-125.26502415141839	44.99951664877005	-1551.7518310546875
0.692151263204418	-125.26439340587281	44.99711734218487	-1478.9468994140625
0.6946320921047923	-125.26376266032722	44.9947180355997	-1401.9013671875
0.6971129210051665	-125.26313191478162	44.99231872901453	-1375.49169921875
0.6995937499055408	-125.26250116923605	44.98991942242935	-1317.2694091796875
0.7020745788059151	-125.26187042369045	44.987520115844184	-1255.54736328125
0.7045554077062893	-125.26123967814488	44.98512080925901	-1149.284912109375
0.7070362366066636	-125.26060893259928	44.98272150267383	-1220.15283203125
0.7095170655070379	-125.25997818705369	44.980322196088665	-1211.943115234375
0.7119978944074121	-125.25934744150811	44.97792288950349	-1217.1141357421875
0.7144787233077864	-125.25871669596252	44.97552358291832	-1187.0557861328125
0.7169595522081607	-125.25808595041694	44.973124276333145	-1178.8089599609375
0.7194403811085349	-125.25745520487135	44.97072496974797	-1219.49365234375
0.7219212100089092	-125.25682445932576	44.9683256631628	-1238.4376220703125
0.7244020389092835	-125.25619371378018	44.965926356577626	-1230.8096923828125
0.7268828678096577	-125.25556296823459	44.96352704999245	-1246.6478271484375
0.7293636967100319	-125.254932222689	44.96112774340728	-1270.229248046875
0.7318445256104061	-125.25430147714341	44.958728436822106	-1248.0838623046875
0.7343253545107804	-125.25367073159782	44.95632913023693	-1255.988037109375
0.7368061834111547	-125.25303998605224	44.95392982365176	-1247.062255859375
0.7392870123115289	-125.25240924050665	44.95153051706659	-1214.3519287109375
0.7417678412119032	-125.25177849496107	44.94913121048141	-1214.621826171875
0.7442486701122775	-125.25114774941548	44.94673190389624	-1226.603271484375
0.7467294990126517	-125.2505170038699	44.94433259731107	-1231.5643310546875
0.749210327913026	-125.24988625832431	44.94193329072589	-1245.408935546875
0.7516911568134003	-125.24925551277872	44.93953398414072	-1240.745361328125
0.7541719857137745	-125.24862476723314	44.93713467755555	-1251.63427734375
0.7566528146141488	-125.24799402168755	44.93473537097037	-1290.335693359375
0.7591336435145231	-125.24736327614197	44.932336064385204	-1336.6612548828125
0.7616144724148973	-125.24673253059638	44.92993675780003	-1336.8426513671875
0.7640953013152716	-125.24610178505078	44.92753745121485	-1327.01611328125
0.7665761302156457	-125.2454710395052	44.925138144629685	-1308.01806640625
0.76905695911602	-125.24484029395961	44.92273883804451	-1310.0714111328125
0.7715377880163943	-125.24420954841403	44.92033953145934	-1337.448974609375
0.7740186169167685	-125.24357880286844	44.917940224874165	-1368.490234375
0.7764994458171428	-125.24294805732285	44.91554091828899	-1392.9959716796875
0.7789802747175171	-125.24231731177727	44.91314161170382	-1434.812744140625
0.7814611036178913	-125.24168656623168	44.910742305118646	-1429.631591796875
0.7839419325182656	-125.2410558206861	44.90834299853347	-1416.9569091796875
0.7864227614186399	-125.24042507514051	44.9059436919483	-1410.6953125
0.7889035903190141	-125.23979432959491	44.903544385363126	-1395.932861328125
0.7913844192193884	-125.23916358404934	44.90114507877795	-1340.28369140625
0.7938652481197627	-125.23853283850374	44.89874577219278	-1332.75048828125
0.7963460770201369	-125.23790209295817	44.89634646560761	-1364.6143798828125
0.7988269059205112	-125.23727134741257	44.89394715902243	-1392.352294921875
0.8013077348208855	-125.23664060186698	44.89154785243726	-1407.3681640625
0.8037885637212596	-125.2360098563214	44.88914854585209	-1432.8572998046875
0.8062693926216339	-125.23537911077581	44.88674923926691	-1461.24609375
0.8087502215220082	-125.23474836523023	44.884349932681744	-1487.23876953125
0.8112310504223824	-125.23411761968464	44.88195062609657	-1515.8304443359375
0.8137118793227567	-125.23348687413905	44.87955131951139	-1532.39794921875
0.816192708223131	-125.23285612859347	44.877152012926224	-1545.5277099609375
0.8186735371235052	-125.23222538304788	44.87475270634105	-1577.09375
0.8211543660238795	-125.2315946375023	44.87235339975588	-1593.03759765625
0.8236351949242537	-125.2309638919567	44.869954093170705	-1575.0206298828125
0.826116023824628	-125.23033314641113	44.86755478658553	-1565.9986572265625
0.8285968527250023	-125.22970240086553	44.86515548000036	-1585.1612548828125
0.8310776816253765	-125.22907165531994	44.862756173415185	-1616.473876953125
0.8335585105257508	-125.22844090977436	44.86035686683001	-1664.73193359375
0.8360393394261251	-125.22781016422877	44.85795756024484	-1710.23046875
0.8385201683264993	-125.22717941868319	44.855558253659666	-1791.20703125
0.8410009972268735	-125.2265486731376	44.85315894707449	-1801.646728515625
0.8434818261272478	-125.22591792759201	44.85075964048932	-1817.7471923828125
0.845962655027622	-125.22528718204643	44.84836033390415	-1832.8468017578125
0.8484434839279963	-125.22465643650084	44.84596102731897	-1843.654296875
0.8509243128283706	-125.22402569095526	44.8435617207338	-1854.4354248046875
0.8534051417287448	-125.22339494540967	44.84116241414863	-1857.6287841796875
0.8558859706291191	-125.22276419986407	44.83876310756345	-1849.56982421875
0.8583667995294934	-125.2221334543185	44.83636380097828	-1844.5303955078125
0.8608476284298676	-125.2215027087729	44.83396449439311	-1829.9163818359375
0.8633284573302419	-125.22087196322732	44.83156518780793	-1799.765625
0.8658092862306161	-125.22024121768173	44.829165881222764	-1769.2406005859375
0.8682901151309904	-125.21961047213614	44.82676657463759	-1735.0255126953125
0.8707709440313647	-125.21897972659056	44.82436726805241	-1721.7301025390625
0.873251772931739	-125.21834898104497	44.821967961467244	-1713.1109619140625
0.8757326018321132	-125.21771823549939	44.81956865488207	-1702.738037109375
0.8782134307324874	-125.2170874899538	44.8171693482969	-1677.0081787109375
0.8806942596328616	-125.2164567444082	44.814770041711725	-1652.2490234375
0.8831750885332359	-125.21582599886263	44.81237073512655	-1599.00341796875
0.8856559174336102	-125.21519525331703	44.80997142854138	-1560.5089111328125
0.8881367463339844	-125.21456450777146	44.807572121956206	-1531.5635986328125
0.8906175752343587	-125.21393376222586	44.80517281537103	-1479.811279296875
0.893098404134733	-125.21330301668029	44.80277350878586	-1430.1591796875
0.8955792330351072	-125.21267227113469	44.800374202200686	-1436.78125
0.8980600619354815	-125.2120415255891	44.79797489561551	-1445.026123046875
0.9005408908358558	-125.21141078004352	44.79557558903034	-1431.6485595703125
0.90302171973623	-125.21078003449793	44.79317628244517	-1393.1861572265625
0.9055025486366043	-125.21014928895235	44.79077697585999	-1373.4859619140625
0.9079833775369786	-125.20951854340676	44.78837766927482	-1432.3956298828125
0.9104642064373528	-125.20888779786117	44.78597836268965	-1493.0303955078125
0.9129450353377271	-125.20825705231559	44.78357905610447	-1508.09814453125
0.9154258642381012	-125.20762630677	44.7811797495193	-1500.9072265625
0.9179066931384755	-125.20699556122442	44.77878044293413	-1499.4345703125
0.9203875220388498	-125.20636481567882	44.77638113634895	-1495.0186767578125
0.922868350939224	-125.20573407013323	44.773981829763784	-1479.98193359375
0.9253491798395983	-125.20510332458765	44.77158252317861	-1445.1478271484375
0.9278300087399726	-125.20447257904206	44.76918321659344	-1421.966796875
0.9303108376403468	-125.20384183349648	44.766783910008265	-1420.2509765625
0.9327916665407211	-125.20321108795089	44.76438460342309	-1409.7821044921875
0.9352724954410954	-125.2025803424053	44.76198529683792	-1410.5478515625
0.9377533243414696	-125.20194959685972	44.759585990252745	-1413.6219482421875
0.9402341532418439	-125.20131885131413	44.75718668366757	-1427.6240234375
0.9427149821422182	-125.20068810576855	44.7547873770824	-1422.0594482421875
0.9451958110425924	-125.20005736022296	44.752388070497226	-1413.0557861328125
0.9476766399429667	-125.19942661467736	44.74998876391205	-1415.90771484375
0.950157468843341	-125.19879586913179	44.74758945732688	-1415.8636474609375
0.9526382977437151	-125.1981651235862	44.745190150741706	-1407.7193603515625
0.9551191266440894	-125.19753437804061	44.74279084415653	-1394.2381591796875
0.9575999555444636	-125.19690363249502	44.74039153757136	-1388.0125732421875
0.9600807844448379	-125.19627288694944	44.73799223098619	-1372.28076171875
0.9625616133452122	-125.19564214140385	44.73559292440101	-1354.5460205078125
0.9650424422455864	-125.19501139585826	44.73319361781584	-1340.19775390625
0.9675232711459607	-125.19438065031268	44.73079431123067	-1328.5648193359375
0.970004100046335	-125.19374990476709	44.72839500464549	-1311.6632080078125
0.9724849289467092	-125.19311915922151	44.72599569806032	-1293.548583984375
0.9749657578470835	-125.19248841367592	44.72359639147515	-1282.952392578125
0.9774465867474578	-125.19185766813033	44.72119708488998	-1286.22412109375
0.979927415647832	-125.19122692258475	44.718797778304804	-1301.0472412109375
0.9824082445482063	-125.19059617703915	44.71639847171963	-1301.940673828125
0.9848890734485806	-125.18996543149358	44.71399916513446	-1302.068359375
0.9873699023489548	-125.18933468594798	44.711599858549285	-1313.6448974609375
0.9898507312493291	-125.18870394040239	44.70920055196411	-1344.84912109375
0.9923315601497033	-125.18807319485681	44.70680124537894	-1359.000732421875
0.9948123890500775	-125.18744244931122	44.704401938793765	-1352.43310546875
0.9972932179504518	-125.18681170376564	44.70200263220859	-1320.9908447265625
0.999774046850826	-125.18618095822005	44.69960332562342	-1255.5906982421875
1.0022548757512004	-125.18555021267446	44.697204019038246	-1194.384033203125
1.0047357046515746	-125.18491946712888	44.69480471245307	-1180.5526123046875
1.007216533551949	-125.18428872158329	44.6924054058679	-1158.5169677734375
1.009697362452323	-125.18365797603771	44.690006099282726	-1172.9254150390625
1.0121781913526973	-125.18302723049212	44.68760679269755	-1145.8748779296875
1.0146590202530716	-125.18239648494652	44.68520748611238	-1139.136962890625
1.0171398491534458	-125.18176573940094	44.68280817952721	-1157.7818603515625
1.0196206780538202	-125.18113499385535	44.68040887294203	-1162.681884765625
1.0221015069541943	-125.18050424830977	44.67800956635686	-1200.560791015625
1.0245823358545687	-125.17987350276418	44.67561025977169	-1168.2381591796875
1.0270631647549429	-125.17924275721859	44.67321095318651	-1171.314697265625
1.0295439936553172	-125.17861201167301	44.670811646601344	-1164.86474609375
1.0320248225556914	-125.17798126612742	44.66841234001617	-1139.521240234375
1.0345056514560658	-125.17735052058184	44.666013033431	-1116.376220703125
1.03698648035644	-125.17671977503625	44.663613726845824	-1094.9833984375
1.0394673092568143	-125.17608902949067	44.66121442026065	-1108.627197265625
1.0419481381571885	-125.17545828394508	44.65881511367548	-1124.4794921875
1.0444289670575628	-125.17482753839948	44.656415807090305	-1142.811279296875
1.046909795957937	-125.1741967928539	44.65401650050513	-1151.7789306640625
1.0493906248583111	-125.17356604730831	44.65161719391996	-1158.42333984375
1.0518714537586855	-125.17293530176273	44.649217887334785	-1163.4154052734375
1.0543522826590597	-125.17230455621714	44.64681858074961	-1180.39404296875
1.056833111559434	-125.17167381067155	44.64441927416444	-1160.1080322265625
1.0593139404598082	-125.17104306512597	44.642019967579266	-1151.7098388671875
1.0617947693601826	-125.17041231958038	44.63962066099409	-1152.0347900390625
1.0642755982605567	-125.1697815740348	44.63722135440892	-1155.9385986328125
1.066756427160931	-125.16915082848921	44.63482204782375	-1151.9105224609375
1.0692372560613053	-125.16852008294362	44.63242274123857	-1192.8697509765625
1.0717180849616796	-125.16788933739804	44.6300234346534	-1212.319580078125
1.0741989138620538	-125.16725859185244	44.62762412806823	-1226.5391845703125
1.0766797427624282	-125.16662784630687	44.62522482148305	-1237.578857421875
1.0791605716628023	-125.16599710076127	44.62282551489788	-1234.55615234375
1.0816414005631767	-125.16536635521568	44.62042620831271	-1234.06591796875
1.0841222294635509	-125.1647356096701	44.61802690172753	-1224.031982421875
1.086603058363925	-125.16410486412451	44.615627595142364	-1215.3836669921875
1.0890838872642994	-125.16347411857893	44.61322828855719	-1213.423828125
1.0915647161646735	-125.16284337303334	44.61082898197202	-1191.3380126953125
1.094045545065048	-125.16221262748775	44.608429675386844	-1162.65380859375
1.096526373965422	-125.16158188194217	44.60603036880167	-1134.1717529296875
1.0990072028657965	-125.16095113639658	44.6036310622165	-1106.6614990234375
1.1014880317661706	-125.160320390851	44.601231755631325	-1076.552001953125
1.103968860666545	-125.1596896453054	44.59883244904615	-1049.4871826171875
1.1064496895669191	-125.15905889975983	44.59643314246098	-1023.5233764648438
1.1089305184672935	-125.15842815421423	44.594033835875805	-991.7548828125
1.1114113473676677	-125.15779740866864	44.59163452929063	-970.0592651367188
1.113892176268042	-125.15716666312306	44.58923522270546	-952.3800048828125
1.1163730051684162	-125.15653591757747	44.586835916120286	-933.56005859375
1.1188538340687906	-125.1559051720319	44.58443660953511	-925.2033081054688
1.1213346629691647	-125.1552744264863	44.58203730294994	-907.285888671875
1.1238154918695389	-125.15464368094071	44.57963799636477	-886.941162109375
1.1262963207699133	-125.15401293539513	44.57723868977959	-866.6463012695312
1.1287771496702874	-125.15338218984954	44.57483938319442	-842.1588745117188
1.1312579785706618	-125.15275144430396	44.57244007660925	-822.9547729492188
1.133738807471036	-125.15212069875837	44.57004077002408	-811.072998046875
1.1362196363714103	-125.15148995321277	44.5676414634389	-800.2017822265625
1.1387004652717845	-125.1508592076672	44.56524215685373	-794.1480102539062
1.1411812941721589	-125.1502284621216	44.56284285026856	-800.4603271484375
1.143662123072533	-125.14959771657603	44.560443543683384	-809.44482421875
1.1461429519729074	-125.14896697103043	44.55804423709821	-822.1493530273438
1.1486237808732815	-125.14833622548484	44.55564493051304	-842.9793090820312
1.151104609773656	-125.14770547993926	44.553245623927864	-870.0205078125
1.15358543867403	-125.14707473439367	44.55084631734269	-892.2130737304688
1.1560662675744044	-125.14644398884809	44.54844701075752	-922.03173828125
1.1585470964747786	-125.1458132433025	44.546047704172345	-941.4756469726562
1.1610279253751528	-125.1451824977569	44.54364839758717	-957.5299072265625
1.1635087542755271	-125.14455175221133	44.541249091002	-971.5362548828125
1.1659895831759013	-125.14392100666574	44.538849784416826	-983.7232055664062
1.1684704120762757	-125.14329026112016	44.53645047783165	-995.7257690429688
1.1709512409766498	-125.14265951557456	44.53405117124648	-1004.776123046875
1.1734320698770242	-125.14202877002899	44.531651864661306	-1010.7111206054688
1.1759128987773984	-125.1413980244834	44.52925255807613	-1021.7324829101562
1.1783937276777727	-125.1407672789378	44.52685325149096	-1032.6309814453125
1.1808745565781469	-125.14013653339222	44.52445394490579	-1043.548828125
1.1833553854785213	-125.13950578784663	44.52205463832061	-1054.6358642578125
1.1858362143788954	-125.13887504230105	44.51965533173544	-1071.42333984375
1.1883170432792698	-125.13824429675546	44.51725602515027	-1080.786376953125
1.190797872179644	-125.13761355120987	44.5148567185651	-1093.57373046875
1.1932787010800183	-125.13698280566429	44.51245741197992	-1110.51904296875
1.1957595299803925	-125.1363520601187	44.51005810539475	-1134.06591796875
1.1982403588807666	-125.13572131457312	44.50765879880958	-1142.3902587890625
1.200721187781141	-125.13509056902753	44.505259492224404	-1155.572265625
1.2032020166815152	-125.13445982348193	44.50286018563923	-1172.404052734375
1.2056828455818895	-125.13382907793635	44.50046087905406	-1183.7362060546875
1.2081636744822637	-125.13319833239076	44.498061572468885	-1193.782958984375
1.210644503382638	-125.13256758684518	44.49566226588371	-1199.781494140625
1.2131253322830122	-125.13193684129959	44.49326295929854	-1211.51123046875
1.2156061611833866	-125.131306095754	44.490863652713365	-1232.2646484375
1.2180869900837608	-125.13067535020842	44.48846434612819	-1252.392578125
1.2205678189841351	-125.13004460466283	44.48606503954302	-1266.365234375
1.2230486478845093	-125.12941385911725	44.483665732957846	-1277.6075439453125
1.2255294767848837	-125.12878311357166	44.48126642637267	-1285.78759765625
1.2280103056852578	-125.12815236802606	44.4788671197875	-1289.763427734375
1.2304911345856322	-125.12752162248049	44.476467813202326	-1300.2578125
1.2329719634860064	-125.1268908769349	44.47406850661715	-1313.4898681640625
1.2354527923863805	-125.12626013138932	44.47166920003198	-1317.86865234375
1.2379336212867549	-125.12562938584372	44.46926989344681	-1316.094482421875
1.240414450187129	-125.12499864029814	44.46687058686163	-1311.3282470703125
1.2428952790875034	-125.12436789475255	44.46447128027646	-1297.1654052734375
1.2453761079878776	-125.12373714920696	44.46207197369129	-1292.293212890625
1.247856936888252	-125.12310640366138	44.45967266710612	-1288.9730224609375
1.250337765788626	-125.12247565811579	44.457273360520944	-1284.1885986328125
1.2528185946890005	-125.12184491257021	44.45487405393577	-1278.8984375
1.2552994235893746	-125.12121416702462	44.4524747473506	-1273.1873779296875
1.257780252489749	-125.12058342147903	44.450075440765424	-1271.2567138671875
1.2602610813901232	-125.11995267593345	44.44767613418025	-1275.5408935546875
1.2627419102904975	-125.11932193038785	44.44527682759508	-1274.6197509765625
1.2652227391908717	-125.11869118484228	44.442877521009905	-1261.9583740234375
1.267703568091246	-125.11806043929668	44.44047821442473	-1254.7220458984375
1.2701843969916202	-125.11742969375109	44.43807890783956	-1237.626220703125
1.2726652258919944	-125.11679894820551	44.435679601254385	-1228.9620361328125
1.2751460547923688	-125.11616820265992	44.43328029466921	-1219.3719482421875
1.277626883692743	-125.11553745711434	44.43088098808404	-1217.643310546875
1.2801077125931173	-125.11490671156875	44.428481681498866	-1220.6661376953125
1.2825885414934914	-125.11427596602316	44.42608237491369	-1216.58251953125
1.2850693703938658	-125.11364522047758	44.42368306832852	-1213.0
1.28755019929424	-125.11301447493199	44.42128376174335	-1209.391845703125
1.2900310281946143	-125.11238372938641	44.41888445515817	-1203.8798828125
1.2925118570949885	-125.11175298384082	44.416485148573	-1195.5609130859375
1.2949926859953629	-125.11112223829522	44.41408584198783	-1193.5445556640625
1.297473514895737	-125.11049149274965	44.41168653540266	-1185.7791748046875
1.2999543437961114	-125.10986074720405	44.40928722881748	-1172.1962890625
1.3024351726964856	-125.10923000165847	44.40688792223231	-1172.5577392578125
1.30491600159686	-125.10859925611288	44.40448861564714	-1168.282470703125
1.307396830497234	-125.10796851056729	44.402089309061964	-1167.652587890625
1.3098776593976083	-125.10733776502171	44.39969000247679	-1158.55126953125
1.3123584882979826	-125.10670701947612	44.39729069589162	-1147.6209716796875
1.3148393171983568	-125.10607627393054	44.394891389306444	-1124.900390625
1.3173201460987312	-125.10544552838495	44.39249208272127	-1109.990234375
1.3198009749991053	-125.10481478283937	44.3900927761361	-1101.99072265625
1.3222818038994797	-125.10418403729378	44.387693469550925	-1101.518310546875
1.3247626327998538	-125.10355329174818	44.38529416296575	-1095.10986328125
1.3272434617002282	-125.1029225462026	44.38289485638058	-1074.45361328125
1.3297242906006024	-125.10229180065701	44.380495549795405	-1067.7100830078125
1.3322051195009768	-125.10166105511144	44.37809624321023	-1059.6748046875
1.334685948401351	-125.10103030956584	44.37569693662506	-1058.3812255859375
1.3371667773017253	-125.10039956402025	44.373297630039886	-1059.9573974609375
1.3396476062020994	-125.09976881847467	44.37089832345471	-1056.60693359375
1.3421284351024738	-125.09913807292908	44.36849901686954	-1049.9637451171875
1.344609264002848	-125.0985073273835	44.36609971028437	-1049.3233642578125
1.3470900929032221	-125.09787658183791	44.3637004036992	-1055.510009765625
1.3495709218035965	-125.09724583629232	44.36130109711402	-1069.87890625
1.3520517507039707	-125.09661509074674	44.35890179052885	-1090.860107421875
1.354532579604345	-125.09598434520115	44.35650248394368	-1101.02490234375
1.3570134085047192	-125.09535359965557	44.3541031773585	-1101.242919921875
1.3594942374050936	-125.09472285410997	44.35170387077333	-1106.2266845703125
1.3619750663054677	-125.09409210856438	44.34930456418816	-1113.1619873046875
1.364455895205842	-125.0934613630188	44.346905257602984	-1117.1632080078125
1.3669367241062162	-125.09283061747321	44.34450595101781	-1125.8707275390625
1.3694175530065906	-125.09219987192763	44.34210664443264	-1121.0
1.3718983819069648	-125.09156912638204	44.339707337847464	-1119.2744140625
1.3743792108073392	-125.09093838083645	44.33730803126229	-1123.1611328125
1.3768600397077133	-125.09030763529087	44.33490872467712	-1112.3331298828125
1.3793408686080877	-125.08967688974528	44.332509418091945	-1099.8446044921875
1.3818216975084618	-125.0890461441997	44.33011011150677	-1084.867919921875
1.384302526408836	-125.0884153986541	44.3277108049216	-1069.9268798828125
1.3867833553092104	-125.08778465310853	44.325311498336426	-1059.0
1.3892641842095845	-125.08715390756294	44.32291219175125	-1054.009033203125
1.391745013109959	-125.08652316201734	44.32051288516608	-1052.999755859375
1.394225842010333	-125.08589241647176	44.318113578580906	-1051.9176025390625
1.3967066709107074	-125.08526167092617	44.31571427199573	-1064.971923828125
1.3991874998110816	-125.0846309253806	44.31331496541056	-1064.732177734375
1.401668328711456	-125.084000179835	44.31091565882539	-1054.5296630859375
1.4041491576118301	-125.08336943428941	44.30851635224022	-1039.10888671875
1.4066299865122045	-125.08273868874383	44.30611704565504	-1038.9071044921875
1.4091108154125787	-125.08210794319824	44.30371773906987	-1037.95458984375
1.411591644312953	-125.08147719765266	44.3013184324847	-1038.0130615234375
1.4140724732133272	-125.08084645210707	44.29891912589952	-1030.3807373046875
1.4165533021137016	-125.08021570656148	44.29651981931435	-1003.8822631835938
1.4190341310140757	-125.0795849610159	44.29412051272918	-977.1912841796875
1.4215149599144499	-125.0789542154703	44.291721206144004	-953.0083618164062
1.4239957888148242	-125.07832346992473	44.28932189955883	-945.1647338867188
1.4264766177151984	-125.07769272437913	44.28692259297366	-954.0482177734375
1.4289574466155728	-125.07706197883354	44.284523286388485	-951.9620361328125
1.431438275515947	-125.07643123328796	44.28212397980331	-951.6956787109375
1.4339191044163213	-125.07580048774237	44.27972467321814	-940.556396484375
1.4363999333166955	-125.07516974219679	44.277325366632965	-929.7528076171875
1.4388807622170698	-125.0745389966512	44.27492606004779	-943.8507080078125
1.441361591117444	-125.0739082511056	44.27252675346262	-941.3377685546875
1.4438424200178184	-125.07327750556003	44.270127446877446	-934.0982666015625
1.4463232489181925	-125.07264676001444	44.26772814029227	-924.4476318359375
1.448804077818567	-125.07201601446886	44.2653288337071	-923.46337890625
1.451284906718941	-125.07138526892327	44.262929527121926	-925.0691528320312
1.4537657356193154	-125.07075452337767	44.26053022053675	-924.0
1.4562465645196896	-125.0701237778321	44.25813091395158	-922.147216796875
1.4587273934200637	-125.0694930322865	44.25573160736641	-929.2825317382812
1.4612082223204381	-125.06886228674092	44.25333230078124	-931.3300170898438
1.4636890512208123	-125.06823154119533	44.25093299419606	-934.303466796875
1.4661698801211867	-125.06760079564975	44.24853368761089	-938.3490600585938
1.4686507090215608	-125.06697005010416	44.24613438102572	-943.046875
1.4711315379219352	-125.06633930455857	44.24373507444054	-950.5681762695312
1.4736123668223093	-125.06570855901299	44.24133576785537	-970.5560913085938
1.4760931957226837	-125.0650778134674	44.2389364612702	-990.555419921875
1.4785740246230579	-125.06444706792182	44.236537154685024	-1003.3529052734375
1.4810548535234322	-125.06381632237623	44.23413784809985	-1022.3872680664062
1.4835356824238064	-125.06318557683063	44.23173854151468	-1053.2158203125
1.4860165113241808	-125.06255483128506	44.229339234929505	-1073.19677734375
1.488497340224555	-125.06192408573946	44.22693992834433	-1087.009521484375
1.4909781691249293	-125.06129334019388	44.22454062175916	-1093.96484375
1.4934589980253035	-125.06066259464829	44.222141315173985	-1100.888916015625
1.4959398269256776	-125.0600318491027	44.21974200858881	-1116.67236328125
1.498420655826052	-125.05940110355712	44.21734270200364	-1139.436767578125
1.5009014847264261	-125.05877035801153	44.214943395418466	-1175.29736328125
1.5033823136268005	-125.05813961246595	44.2125440888333	-1183.52587890625
1.5058631425271747	-125.05750886692036	44.21014478224812	-1163.5753173828125
1.508343971427549	-125.05687812137477	44.207745475662946	-1150.689697265625
1.5108248003279232	-125.05624737582919	44.20534616907778	-1158.4991455078125
1.5133056292282976	-125.0556166302836	44.2029468624926	-1185.63623046875
1.5157864581286717	-125.05498588473802	44.20054755590743	-1185.7132568359375
1.5182672870290461	-125.05435513919242	44.19814824932226	-1172.5784912109375
1.5207481159294203	-125.05372439364683	44.19574894273708	-1153.5181884765625
1.5232289448297947	-125.05309364810125	44.19334963615191	-1164.067138671875
1.5257097737301688	-125.05246290255566	44.19095032956674	-1171.2789306640625
1.5281906026305432	-125.05183215701008	44.188551022981564	-1175.435546875
1.5306714315309173	-125.05120141146449	44.18615171639639	-1181.39599609375
1.5331522604312915	-125.05057066591891	44.18375240981122	-1188.11181640625
1.5356330893316659	-125.04993992037332	44.181353103226044	-1184.7991943359375
1.53811391823204	-125.04930917482773	44.17895379664087	-1183.3458251953125
1.5405947471324144	-125.04867842928215	44.1765544900557	-1184.0059814453125
1.5430755760327886	-125.04804768373656	44.174155183470525	-1172.9931640625
1.545556404933163	-125.04741693819098	44.17175587688535	-1169.2164306640625
1.548037233833537	-125.04678619264538	44.16935657030018	-1175.3973388671875
1.5505180627339115	-125.04615544709979	44.166957263715005	-1177.541015625
1.5529988916342856	-125.04552470155421	44.16455795712983	-1179.700927734375
1.55547972053466	-125.04489395600862	44.16215865054466	-1178.876953125
1.5579605494350341	-125.04426321046304	44.159759343959486	-1180.19189453125
1.5604413783354085	-125.04363246491745	44.15736003737432	-1175.3643798828125
1.5629222072357827	-125.04300171937186	44.15496073078914	-1178.1873779296875
1.565403036136157	-125.04237097382628	44.15256142420397	-1171.4892578125
1.5678838650365312	-125.04174022828069	44.1501621176188	-1180.9512939453125
1.5703646939369054	-125.04110948273511	44.14776281103362	-1190.9837646484375
1.5728455228372797	-125.04047873718952	44.14536350444845	-1187.1011962890625
1.575326351737654	-125.03984799164392	44.14296419786328	-1181.0159912109375
1.5778071806380283	-125.03921724609835	44.1405648912781	-1165.5103759765625
1.5802880095384024	-125.03858650055275	44.13816558469293	-1166.5772705078125
1.5827688384387768	-125.03795575500718	44.13576627810776	-1148.6494140625
1.585249667339151	-125.03732500946158	44.133366971522584	-1109.243408203125
1.5877304962395253	-125.03669426391599	44.13096766493741	-984.8206787109375
1.5902113251398995	-125.03606351837041	44.12856835835224	-897.9852905273438
1.5926921540402739	-125.03543277282482	44.126169051767064	-869.516357421875
1.595172982940648	-125.03480202727924	44.12376974518189	-850.0189819335938
1.5976538118410224	-125.03417128173365	44.12137043859672	-840.4572143554688
1.6001346407413966	-125.03354053618807	44.118971132011545	-838.5560913085938
1.602615469641771	-125.03290979064248	44.11657182542637	-849.2776489257812
1.605096298542145	-125.03227904509689	44.1141725188412	-843.7745971679688
1.6075771274425192	-125.0316482995513	44.111773212256026	-838.9436645507812
1.6100579563428936	-125.03101755400571	44.10937390567085	-838.1144409179688
1.6125387852432678	-125.03038680846014	44.10697459908568	-834.0385131835938
1.6150196141436421	-125.02975606291454	44.104575292500506	-854.4237670898438
1.6175004430440163	-125.02912531736895	44.10217598591534	-873.6054077148438
1.6199812719443907	-125.02849457182337	44.09977667933016	-886.2421875
1.6224621008447648	-125.02786382627778	44.09737737274499	-936.3445434570312
1.6249429297451392	-125.0272330807322	44.09497806615982	-988.4368286132812
1.6274237586455134	-125.02660233518661	44.09257875957464	-1057.7359619140625
1.6299045875458877	-125.02597158964102	44.09017945298947	-1108.7467041015625
1.632385416446262	-125.02534084409544	44.0877801464043	-1074.262939453125
1.6348662453466363	-125.02471009854985	44.08538083981912	-1091.052001953125
1.6373470742470104	-125.02407935300427	44.08298153323395	-1056.2923583984375
1.6398279031473848	-125.02344860745868	44.08058222664878	-1076.6519775390625
1.642308732047759	-125.02281786191308	44.078182920063604	-1082.8994140625
1.6447895609481331	-125.0221871163675	44.07578361347843	-1079.8822021484375
1.6472703898485075	-125.02155637082191	44.07338430689326	-1095.1640625
1.6497512187488816	-125.02092562527633	44.070985000308085	-1085.001220703125
1.652232047649256	-125.02029487973074	44.06858569372291	-1096.1424560546875
1.6547128765496302	-125.01966413418515	44.06618638713774	-1096.8553466796875
1.6571937054500046	-125.01903338863957	44.063787080552565	-1086.6263427734375
1.6596745343503787	-125.01840264309398	44.06138777396739	-1073.1710205078125
1.662155363250753	-125.0177718975484	44.05898846738222	-1066.9515380859375
1.6646361921511272	-125.01714115200281	44.056589160797046	-1067.6231689453125
1.6671170210515016	-125.01651040645723	44.05418985421188	-1073.176513671875
1.6695978499518758	-125.01587966091164	44.0517905476267	-1070.885986328125
1.6720786788522501	-125.01524891536604	44.049391241041526	-1065.81396484375
1.6745595077526243	-125.01461816982047	44.04699193445636	-1073.1712646484375
1.6770403366529987	-125.01398742427487	44.04459262787118	-1086.5262451171875
1.6795211655533728	-125.0133566787293	44.04219332128601	-1105.6181640625
1.682001994453747	-125.0127259331837	44.03979401470084	-1111.9820556640625
1.6844828233541214	-125.01209518763811	44.03739470811566	-1114.388671875
1.6869636522544955	-125.01146444209253	44.03499540153049	-1110.9036865234375
1.68944448115487	-125.01083369654694	44.03259609494532	-1106.0926513671875
1.691925310055244	-125.01020295100136	44.03019678836014	-1119.3779296875
1.6944061389556184	-125.00957220545577	44.02779748177497	-1117.4508056640625
1.6968869678559926	-125.00894145991018	44.0253981751898	-1076.6505126953125
1.699367796756367	-125.0083107143646	44.022998868604624	-1063.4024658203125
1.701848625656741	-125.007679968819	44.02059956201945	-1050.960693359375
1.7043294545571155	-125.00704922327343	44.01820025543428	-1040.1297607421875
1.7068102834574896	-125.00641847772783	44.015800948849105	-1023.7262573242188
1.709291112357864	-125.00578773218224	44.01340164226393	-998.4268798828125
1.7117719412582382	-125.00515698663666	44.01100233567876	-989.0
1.7142527701586125	-125.00452624109107	44.008603029093585	-983.786376953125
1.7167335990589867	-125.00389549554549	44.00620372250842	-971.225341796875
1.7192144279593609	-125.0032647499999	44.00380441592324	-957.8162231445312
1.7216952568597352	-125.00263400445431	44.001405109338066	-949.0
1.7241760857601094	-125.00200325890873	43.9990058027529	-945.0029296875
1.7266569146604838	-125.00137251336314	43.99660649616772	-936.9295043945312
1.729137743560858	-125.00074176781756	43.994207189582546	-910.052734375
1.7316185724612323	-125.00011102227197	43.99180788299738	-909.053466796875
1.7340994013616065	-124.99948027672637	43.9894085764122	-896.468505859375
1.7365802302619808	-124.9988495311808	43.98700926982703	-880.0955810546875
1.739061059162355	-124.9982187856352	43.98460996324186	-867.6198120117188
1.7415418880627294	-124.99758804008962	43.98221065665668	-837.2391357421875
1.7440227169631035	-124.99695729454403	43.97981135007151	-809.7725830078125
1.746503545863478	-124.99632654899845	43.97741204348634	-775.1571655273438
1.748984374763852	-124.99569580345286	43.975012736901164	-741.9489135742188
1.7514652036642264	-124.99506505790727	43.97261343031599	-710.379638671875
1.7539460325646006	-124.99443431236169	43.97021412373082	-687.3916625976562
1.7564268614649747	-124.9938035668161	43.967814817145644	-664.8638305664062
1.758907690365349	-124.99317282127052	43.96541551056047	-647.348388671875
1.7613885192657233	-124.99254207572493	43.9630162039753	-634.6996459960938
1.7638693481660976	-124.99191133017933	43.960616897390125	-624.814697265625
1.7663501770664718	-124.99128058463376	43.95821759080495	-600.8133544921875
1.7688310059668462	-124.99064983908816	43.95581828421978	-586.95947265625
1.7713118348672203	-124.99001909354259	43.953418977634605	-583.9896240234375
1.7737926637675947	-124.989388347997	43.95101967104944	-578.9180908203125
1.7762734926679689	-124.9887576024514	43.94862036446426	-577.1061401367188
1.7787543215683432	-124.98812685690582	43.946221057879086	-566.05810546875
1.7812351504687174	-124.98749611136023	43.94382175129392	-569.2545776367188
1.7837159793690918	-124.98686536581465	43.94142244470874	-570.8666381835938
1.786196808269466	-124.98623462026906	43.93902313812357	-572.9700317382812
1.7886776371698403	-124.98560387472347	43.9366238315384	-568.8549194335938
1.7911584660702145	-124.98497312917789	43.93422452495322	-557.0060424804688
1.7936392949705886	-124.9843423836323	43.93182521836805	-554.3746948242188
1.796120123870963	-124.98371163808672	43.92942591178288	-547.46826171875
1.7986009527713371	-124.98308089254112	43.9270266051977	-536.3659057617188
1.8010817816717115	-124.98245014699553	43.92462729861253	-531.8153076171875
1.8035626105720857	-124.98181940144995	43.92222799202736	-530.0966796875
1.80604343947246	-124.98118865590436	43.919828685442184	-534.4015502929688
1.8085242683728342	-124.98055791035878	43.91742937885701	-557.9995727539062
1.8110050972732086	-124.97992716481319	43.91503007227184	-589.3132934570312
1.8134859261735827	-124.97929641926761	43.912630765686664	-622.0112915039062
1.815966755073957	-124.97866567372202	43.91023145910149	-658.3182983398438
1.8184475839743313	-124.97803492817643	43.90783215251632	-688.335693359375
1.8209284128747056	-124.97740418263085	43.905432845931145	-718.3900146484375
1.8234092417750798	-124.97677343708526	43.90303353934597	-754.919189453125
1.8258900706754542	-124.97614269153968	43.9006342327608	-788.2550659179688
1.8283708995758283	-124.97551194599409	43.898234926175626	-826.3644409179688
1.8308517284762025	-124.9748812004485	43.89583561959046	-863.0831298828125
1.8333325573765769	-124.97425045490291	43.89343631300528	-902.1726684570312
1.835813386276951	-124.97361970935732	43.891037006420106	-947.2172241210938
1.8382942151773254	-124.97298896381174	43.88863769983494	-1034.4464111328125
1.8407750440776995	-124.97235821826615	43.88623839324976	-1082.3089599609375
1.843255872978074	-124.97172747272056	43.88383908666459	-1064.10400390625
1.845736701878448	-124.97109672717498	43.88143978007942	-1039.9730224609375
1.8482175307788224	-124.97046598162939	43.87904047349424	-1044.278564453125
1.8506983596791966	-124.96983523608381	43.87664116690907	-1057.1044921875
1.853179188579571	-124.96920449053822	43.8742418603239	-1077.847412109375
1.8556600174799451	-124.96857374499263	43.87184255373872	-1089.9462890625
1.8581408463803195	-124.96794299944705	43.86944324715355	-1090.0
1.8606216752806937	-124.96731225390145	43.86704394056838	-1089.8316650390625
1.863102504181068	-124.96668150835588	43.864644633983204	-1090.762451171875
1.8655833330814422	-124.96605076281028	43.86224532739803	-1093.7265625
1.8680641619818164	-124.96542001726469	43.85984602081286	-1097.50537109375
1.8705449908821907	-124.96478927171911	43.857446714227684	-1102.511962890625
1.8730258197825649	-124.96415852617352	43.855047407642516	-1100.9859619140625
1.8755066486829393	-124.96352778062794	43.85264810105734	-1099.0289306640625
1.8779874775833134	-124.96289703508235	43.850248794472165	-1100.0330810546875
1.8804683064836878	-124.96226628953677	43.847849487887	-1102.7281494140625
1.882949135384062	-124.96163554399118	43.84545018130182	-1110.363525390625
1.8854299642844363	-124.96100479844559	43.843050874716646	-1106.828369140625
1.8879107931848105	-124.96037405290001	43.84065156813148	-1129.0419921875
1.8903916220851849	-124.95974330735442	43.8382522615463	-1119.9849853515625
1.892872450985559	-124.95911256180884	43.835852954961126	-1071.532470703125
1.8953532798859334	-124.95848181626324	43.83345364837596	-1059.0533447265625
1.8978341087863075	-124.95785107071765	43.83105434179078	-1055.9547119140625
1.900314937686682	-124.95722032517207	43.82865503520561	-1036.033447265625
1.902795766587056	-124.95658957962648	43.82625572862044	-1015.0760498046875
1.9052765954874302	-124.9559588340809	43.82385642203526	-1014.2307739257812
1.9077574243878046	-124.95532808853531	43.82145711545009	-1010.3502197265625
1.9102382532881788	-124.95469734298972	43.81905780886492	-1048.1951904296875
1.9127190821885531	-124.95406659744414	43.81665850227974	-1077.46826171875
1.9151999110889273	-124.95343585189855	43.81425919569457	-1104.0936279296875
1.9176807399893017	-124.95280510635297	43.8118598891094	-1090.471435546875
1.9201615688896758	-124.95217436080738	43.809460582524224	-1046.5433349609375
1.9226423977900502	-124.95154361526178	43.80706127593905	-1031.0888671875
1.9251232266904243	-124.9509128697162	43.80466196935388	-1044.9991455078125
1.9276040555907987	-124.95028212417061	43.802262662768705	-1101.0687255859375
1.9300848844911729	-124.94965137862503	43.799863356183536	-1036.9658203125
1.9325657133915473	-124.94902063307944	43.79746404959836	-991.6943359375
1.9350465422919214	-124.94838988753385	43.795064743013185	-976.5255126953125
1.9375273711922958	-124.94775914198827	43.79266543642802	-990.5478515625
1.94000820009267	-124.94712839644268	43.79026612984284	-1011.1710815429688
1.9424890289930443	-124.9464976508971	43.787866823257666	-1007.3858032226562
1.9449698578934185	-124.94586690535151	43.7854675166725	-1011.8495483398438
1.9474506867937926	-124.94523615980592	43.78306821008732	-1001.9036865234375
1.949931515694167	-124.94460541426034	43.780668903502146	-995.0574951171875
1.9524123445945412	-124.94397466871474	43.77826959691698	-987.2371826171875
1.9548931734949155	-124.94334392316917	43.7758702903318	-940.6109008789062
1.9573740023952897	-124.94271317762357	43.77347098374663	-935.4529418945312
1.959854831295664	-124.942082432078	43.77107167716146	-935.3900146484375
1.9623356601960382	-124.9414516865324	43.76867237057628	-933.996337890625
1.9648164890964126	-124.94082094098681	43.76627306399111	-941.1397705078125
1.9672973179967868	-124.94019019544123	43.76387375740594	-946.3502197265625
1.9697781468971611	-124.93955944989564	43.761474450820764	-873.0250854492188
1.9722589757975353	-124.93892870435006	43.75907514423559	-867.5501708984375
1.9747398046979097	-124.93829795880447	43.75667583765042	-861.0567626953125
1.9772206335982838	-124.93766721325888	43.754276531065244	-859.3363037109375
1.9797014624986582	-124.9370364677133	43.75187722448007	-865.5770263671875
1.9821822913990323	-124.9364057221677	43.7494779178949	-877.7035522460938
1.9846631202994065	-124.93577497662213	43.747078611309725	-892.7284545898438
1.9871439491997809	-124.93514423107653	43.744679304724556	-911.2244262695312
1.989624778100155	-124.93451348553094	43.74227999813938	-929.957275390625
1.9921056070005294	-124.93388273998536	43.739880691554205	-948.58203125
1.9945864359009036	-124.93325199443977	43.73748138496904	-967.501708984375
1.997067264801278	-124.9326212488942	43.73508207838386	-989.8386840820312
1.999548093701652	-124.9319905033486	43.732682771798686	-1019.5462036132812
2.0020289226020265	-124.93135975780301	43.73028346521352	-1063.25390625
2.004509751502401	-124.93072901225743	43.72788415862834	-1105.467529296875
2.006990580402775	-124.93009826671184	43.72548485204317	-1156.5689697265625
2.009471409303149	-124.92946752116626	43.723085545458	-1220.477783203125
2.0119522382035235	-124.92883677562067	43.72068623887282	-1218.476318359375
2.014433067103898	-124.92820603007507	43.71828693228765	-1223.9267578125
2.016913896004272	-124.9275752845295	43.71588762570248	-1218.894287109375
2.019394724904646	-124.9269445389839	43.7134883191173	-1215.9803466796875
2.0218755538050206	-124.92631379343833	43.71108901253213	-1212.998291015625
2.0243563827053945	-124.92568304789273	43.70868970594696	-1206.253173828125
2.026837211605769	-124.92505230234715	43.706290399361784	-1164.7587890625
2.0293180405061433	-124.92442155680156	43.70389109277661	-1134.5992431640625
2.0317988694065177	-124.92379081125597	43.70149178619144	-1124.4227294921875
2.0342796983068916	-124.92316006571039	43.699092479606264	-1119.080078125
2.036760527207266	-124.9225293201648	43.696693173021096	-1110.5775146484375
2.0392413561076403	-124.92189857461922	43.69429386643592	-1104.322021484375
2.0417221850080147	-124.92126782907363	43.691894559850745	-1097.7540283203125
2.0442030139083887	-124.92063708352804	43.68949525326558	-1089.747314453125
2.046683842808763	-124.92000633798246	43.6870959466804	-1077.7747802734375
2.0491646717091374	-124.91937559243686	43.684696640095225	-1063.9796142578125
2.051645500609512	-124.91874484689129	43.68229733351006	-1055.159423828125
2.0541263295098857	-124.9181141013457	43.67989802692488	-1046.2686767578125
2.05660715841026	-124.9174833558001	43.677498720339706	-1035.6534423828125
2.0590879873106345	-124.91685261025452	43.67509941375454	-1030.36083984375
2.0615688162110084	-124.91622186470893	43.67270010716936	-1025.043701171875
2.064049645111383	-124.91559111916335	43.67030080058419	-1003.279296875
2.066530474011757	-124.91496037361776	43.66790149399902	-993.433349609375
2.0690113029121315	-124.91432962807217	43.66550218741384	-987.3956909179688
2.0714921318125055	-124.91369888252659	43.66310288082867	-981.7637329101562
2.07397296071288	-124.913068136981	43.6607035742435	-977.9036865234375
2.076453789613254	-124.91243739143542	43.65830426765832	-972.9736328125
2.0789346185136286	-124.91180664588983	43.65590496107315	-969.0112915039062
2.0814154474140025	-124.91117590034423	43.65350565448798	-965.0698852539062
2.083896276314377	-124.91054515479865	43.651106347902804	-963.0
2.0863771052147513	-124.90991440925306	43.648707041317635	-960.0426025390625
2.0888579341151257	-124.90928366370748	43.64630773473246	-953.3823852539062
2.0913387630154996	-124.90865291816189	43.643908428147284	-949.9339599609375
2.093819591915874	-124.90802217261631	43.641509121562116	-952.4287719726562
2.0963004208162483	-124.90739142707072	43.63910981497694	-949.7186889648438
2.0987812497166223	-124.90676068152513	43.636710508391765	-937.4656372070312
2.1012620786169967	-124.90612993597955	43.6343112018066	-924.6420288085938
2.103742907517371	-124.90549919043396	43.63191189522142	-910.7814331054688
2.1062237364177454	-124.90486844488838	43.629512588636246	-895.0387573242188
2.1087045653181193	-124.90423769934279	43.62711328205108	-868.402587890625
2.1111853942184937	-124.9036069537972	43.6247139754659	-874.0191040039062
2.113666223118868	-124.90297620825162	43.622314668880726	-873.6051025390625
2.1161470520192425	-124.90234546270602	43.61991536229556	-868.3623046875
2.1186278809196164	-124.90171471716044	43.61751605571038	-855.6132202148438
2.121108709819991	-124.90108397161485	43.61511674912521	-796.7319946289062
2.123589538720365	-124.90045322606926	43.61271744254004	-818.5438232421875
2.1260703676207395	-124.89982248052368	43.61031813595486	-792.7581787109375
2.1285511965211135	-124.89919173497809	43.60791882936969	-784.43408203125
2.131032025421488	-124.89856098943251	43.60551952278452	-779.6837768554688
2.133512854321862	-124.89793024388692	43.60312021619934	-768.8438110351562
2.135993683222236	-124.89729949834133	43.60072090961417	-762.1757202148438
2.1384745121226105	-124.89666875279575	43.598321603029	-758.6434936523438
2.140955341022985	-124.89603800725016	43.595922296443824	-752.4970092773438
2.1434361699233593	-124.89540726170458	43.593522989858656	-748.8156127929688
2.145916998823733	-124.89477651615898	43.59112368327348	-745.728515625
2.1483978277241076	-124.89414577061339	43.588724376688305	-739.271728515625
2.150878656624482	-124.89351502506781	43.586325070103136	-732.0443115234375
2.1533594855248563	-124.89288427952222	43.58392576351796	-729.811767578125
2.1558403144252303	-124.89225353397664	43.581526456932785	-725.2178344726562
2.1583211433256047	-124.89162278843105	43.57912715034762	-718.4785766601562
2.160801972225979	-124.89099204288546	43.57672784376244	-715.418701171875
2.1632828011263534	-124.89036129733988	43.574328537177266	-716.2432250976562
2.1657636300267273	-124.88973055179429	43.5719292305921	-706.2758178710938
2.1682444589271017	-124.88909980624871	43.56952992400692	-701.202880859375
2.170725287827476	-124.88846906070312	43.567130617421746	-696.2316284179688
2.17320611672785	-124.88783831515754	43.56473131083658	-694.6945190429688
2.1756869456282244	-124.88720756961195	43.5623320042514	-693.5445556640625
2.1781677745285988	-124.88657682406635	43.55993269766623	-689.443359375
2.180648603428973	-124.88594607852077	43.55753339108106	-687.949951171875
2.183129432329347	-124.88531533297518	43.55513408449588	-687.5978393554688
2.1856102612297215	-124.8846845874296	43.55273477791071	-685.9609375
2.188091090130096	-124.88405384188401	43.55033547132554	-685.75439453125
2.19057191903047	-124.88342309633842	43.54793616474036	-684.8839111328125
2.193052747930844	-124.88279235079284	43.54553685815519	-685.1580200195312
2.1955335768312185	-124.88216160524725	43.54313755157002	-685.072509765625
2.198014405731593	-124.88153085970167	43.540738244984844	-683.8980102539062
2.2004952346319673	-124.88090011415608	43.538338938399676	-684.689453125
2.202976063532341	-124.88026936861048	43.5359396318145	-685.949951171875
2.2054568924327156	-124.8796386230649	43.533540325229325	-683.2521362304688
2.20793772133309	-124.87900787751931	43.531141018644156	-682.89111328125
2.210418550233464	-124.87837713197374	43.52874171205898	-683.2594604492188
2.2128993791338383	-124.87774638642814	43.526342405473805	-680.41552734375
2.2153802080342127	-124.87711564088255	43.52394309888864	-679.3660888671875
2.217861036934587	-124.87648489533697	43.52154379230346	-682.9676513671875
2.220341865834961	-124.87585414979138	43.519144485718286	-684.4163818359375
2.2228226947353353	-124.8752234042458	43.51674517913312	-684.9593505859375
2.2253035236357097	-124.87459265870021	43.51434587254794	-684.917724609375
2.227784352536084	-124.87396191315462	43.511946565962766	-684.14990234375
2.230265181436458	-124.87333116760904	43.5095472593776	-683.4517211914062
2.2327460103368324	-124.87270042206345	43.50714795279242	-682.9507446289062
2.2352268392372068	-124.87206967651787	43.50474864620725	-682.9187622070312
2.237707668137581	-124.87143893097227	43.50234933962208	-682.949951171875
2.240188497037955	-124.8708081854267	43.4999500330369	-682.4918212890625
2.2426693259383295	-124.8701774398811	43.497550726451735	-680.9986572265625
2.245150154838704	-124.86954669433551	43.49515141986656	-679.1472778320312
2.2476309837390778	-124.86891594878993	43.492752113281384	-677.1317138671875
2.250111812639452	-124.86828520324434	43.490352806696215	-674.7559814453125
2.2525926415398265	-124.86765445769876	43.48795350011104	-670.7848510742188
2.255073470440201	-124.86702371215317	43.485554193525864	-667.430908203125
2.257554299340575	-124.86639296660758	43.483154886940696	-665.5358276367188
2.260035128240949	-124.865762221062	43.48075558035552	-663.9705810546875
2.2625159571413236	-124.8651314755164	43.478356273770345	-661.9379272460938
2.264996786041698	-124.86450072997083	43.475956967185176	-656.1812744140625
2.267477614942072	-124.86386998442524	43.4735576606	-652.0298461914062
2.2699584438424463	-124.86323923887964	43.471158354014825	-648.0219116210938
2.2724392727428206	-124.86260849333406	43.46875904742966	-643.241455078125
2.274920101643195	-124.86197774778847	43.46635974084448	-639.3627319335938
2.277400930543569	-124.8613470022429	43.463960434259306	-589.3651733398438
2.2798817594439433	-124.8607162566973	43.46156112767414	-583.6871337890625
2.2823625883443177	-124.86008551115171	43.45916182108896	-578.81298828125
2.2848434172446916	-124.85945476560613	43.45676251450379	-571.2877197265625
2.287324246145066	-124.85882402006054	43.45436320791862	-566.2202758789062
2.2898050750454404	-124.85819327451496	43.45196390133344	-564.4754638671875
2.2922859039458148	-124.85756252896937	43.44956459474827	-562.1793212890625
2.2947667328461887	-124.85693178342378	43.4471652881631	-558.9910278320312
2.297247561746563	-124.8563010378782	43.44476598157792	-557.296875
2.2997283906469375	-124.8556702923326	43.442366674992755	-557.01611328125
2.302209219547312	-124.85503954678703	43.43996736840758	-551.951904296875
2.3046900484476858	-124.85440880124143	43.437568061822404	-546.90771484375
2.30717087734806	-124.85377805569586	43.435168755237235	-540.6350708007812
2.3096517062484345	-124.85314731015026	43.43276944865206	-534.9793701171875
2.312132535148809	-124.85251656460467	43.430370142066884	-535.0560913085938
2.314613364049183	-124.85188581905909	43.427970835481716	-535.9380493164062
2.317094192949557	-124.8512550735135	43.42557152889654	-541.604736328125
2.3195750218499316	-124.85062432796792	43.423172222311365	-548.6650390625
2.3220558507503055	-124.84999358242233	43.4207729157262	-556.8430786132812
2.32453667965068	-124.84936283687674	43.41837360914102	-569.0955810546875
2.3270175085510543	-124.84873209133116	43.415974302555846	-580.5465087890625
2.3294983374514286	-124.84810134578557	43.41357499597068	-591.84912109375
2.3319791663518026	-124.84747060023999	43.4111756893855	-597.8780517578125
2.334459995252177	-124.8468398546944	43.408776382800326	-608.4404907226562
2.3369408241525513	-124.8462091091488	43.40637707621516	-619.5933227539062
2.3394216530529257	-124.84557836360322	43.40397776962998	-631.7815551757812
2.3419024819532996	-124.84494761805763	43.40157846304481	-639.2844848632812
2.344383310853674	-124.84431687251205	43.39917915645964	-636.84814453125
2.3468641397540484	-124.84368612696646	43.39677984987446	-633.806396484375
2.3493449686544228	-124.84305538142087	43.39438054328929	-636.4151000976562
2.3518257975547967	-124.84242463587529	43.39198123670412	-639.53759765625
2.354306626455171	-124.8417938903297	43.38958193011894	-639.98681640625
2.3567874553555455	-124.84116314478412	43.387182623533775	-639.7645263671875
2.3592682842559194	-124.84053239923853	43.3847833169486	-639.0038452148438
2.3617491131562938	-124.83990165369293	43.382384010363424	-637.771484375
2.364229942056668	-124.83927090814736	43.379984703778256	-635.3045654296875
2.3667107709570425	-124.83864016260176	43.37758539719308	-634.9365234375
2.3691915998574165	-124.83800941705618	43.375186090607905	-636.7285766601562
2.371672428757791	-124.83737867151059	43.372786784022736	-640.98291015625
2.374153257658165	-124.836747925965	43.37038747743756	-643.5617065429688
2.3766340865585396	-124.83611718041942	43.367988170852385	-642.3356323242188
2.3791149154589135	-124.83548643487383	43.36558886426722	-639.8541870117188
2.381595744359288	-124.83485568932825	43.36318955768204	-641.423583984375
2.3840765732596623	-124.83422494378266	43.360790251096866	-640.1896362304688
2.3865574021600366	-124.83359419823708	43.3583909445117	-639.7032470703125
2.3890382310604106	-124.83296345269149	43.35599163792652	-630.98046875
2.391519059960785	-124.8323327071459	43.353592331341346	-630.588623046875
2.3939998888611593	-124.83170196160032	43.35119302475618	-630.8502807617188
2.3964807177615333	-124.83107121605472	43.348793718171	-631.1747436523438
2.3989615466619076	-124.83044047050915	43.346394411585834	-629.5430297851562
2.401442375562282	-124.82980972496355	43.34399510500066	-628.949951171875
2.4039232044626564	-124.82917897941796	43.34159579841548	-628.7611694335938
2.4064040333630303	-124.82854823387238	43.33919649183031	-627.6262817382812
2.4088848622634047	-124.82791748832679	43.33679718524514	-625.5743408203125
2.411365691163779	-124.82728674278121	43.33439787865996	-619.6143188476562
2.4138465200641535	-124.82665599723562	43.331998572074795	-618.28857421875
2.4163273489645274	-124.82602525169003	43.32959926548962	-612.991455078125
2.4188081778649018	-124.82539450614445	43.327199958904444	-609.1456909179688
2.421289006765276	-124.82476376059886	43.324800652319276	-602.9990844726562
2.4237698356656505	-124.82413301505328	43.3224013457341	-595.53125
2.4262506645660245	-124.82350226950769	43.320002039148925	-586.4259643554688
2.428731493466399	-124.82287152396209	43.317602732563756	-575.7255249023438
2.431212322366773	-124.82224077841651	43.31520342597858	-562.0420532226562
2.433693151267147	-124.82161003287092	43.312804119393405	-553.0687866210938
2.4361739801675215	-124.82097928732534	43.31040481280824	-551.9962158203125
2.438654809067896	-124.82034854177975	43.30800550622306	-544.3142700195312
2.4411356379682703	-124.81971779623416	43.305606199637886	-518.0228881835938
2.443616466868644	-124.81908705068858	43.30320689305272	-514.3843383789062
2.4460972957690186	-124.81845630514299	43.30080758646754	-512.0958862304688
2.448578124669393	-124.81782555959741	43.298408279882366	-511.1441650390625
2.4510589535697673	-124.81719481405182	43.2960089732972	-511.56304931640625
2.4535397824701413	-124.81656406850624	43.29360966671202	-511.2106018066406
2.4560206113705156	-124.81593332296065	43.291210360126854	-516.5523071289062
2.45850144027089	-124.81530257741505	43.28881105354168	-521.4140014648438
2.4609822691712644	-124.81467183186948	43.2864117469565	-522.7823486328125
2.4634630980716383	-124.81404108632388	43.284012440371335	-525.3739013671875
2.4659439269720127	-124.8134103407783	43.28161313378616	-530.2508544921875
2.468424755872387	-124.81277959523271	43.279213827200984	-530.2451782226562
2.470905584772761	-124.81214884968712	43.276814520615815	-530.2904663085938
2.4733864136731354	-124.81151810414154	43.27441521403064	-527.9784545898438
2.4758672425735098	-124.81088735859595	43.272015907445464	-519.390625
2.478348071473884	-124.81025661305037	43.269616600860296	-501.25994873046875
2.480828900374258	-124.80962586750478	43.26721729427512	-485.4402160644531
2.481227853913529	-124.80962586750478	43.26761624781439	-486.31658935546875
2.481626807452799	-124.80962586750478	43.26801520135366	-489.6512756347656
2.48202576099207	-124.80962586750478	43.26841415489293	-493.01348876953125
2.4824247145313407	-124.80962586750478	43.268813108432205	-495.6863098144531
2.4828236680706115	-124.80962586750478	43.26921206197147	-498.2735900878906
2.483222621609882	-124.80962586750478	43.26961101551075	-500.7983703613281
2.4836215751491526	-124.80962586750478	43.270009969050015	-502.9646301269531
2.4840205286884234	-124.80962586750478	43.27040892258928	-504.6322021484375
2.4844194822276937	-124.80962586750478	43.27080787612856	-506.330078125
2.4848184357669645	-124.80962586750478	43.271206829667825	-508.2611389160156
2.4852173893062353	-124.80962586750478	43.2716057832071	-512.0621948242188
2.485616342845506	-124.80962586750478	43.27200473674637	-519.5381469726562
2.4860152963847764	-124.80962586750478	43.272403690285635	-526.0992431640625
2.486414249924047	-124.80962586750478	43.27280264382491	-528.3973999023438
2.486813203463318	-124.80962586750478	43.27320159736418	-528.9458618164062
2.4872121570025882	-124.80962586750478	43.27360055090345	-528.2880249023438
2.487611110541859	-124.80962586750478	43.27399950444272	-527.4353637695312
2.48801006408113	-124.80962586750478	43.274398457981995	-527.7838745117188
2.4884090176204	-124.80962586750478	43.27479741152126	-528.4667358398438
2.488807971159671	-124.80962586750478	43.27519636506053	-529.3255004882812
2.4892069246989417	-124.80962586750478	43.275595318599805	-529.947998046875
2.4896058782382124	-124.80962586750478	43.27599427213907	-529.5021362304688
2.4900048317774828	-124.80962586750478	43.27639322567835	-528.9572143554688
2.4904037853167535	-124.80962586750478	43.276792179217615	-529.3138427734375
2.4908027388560243	-124.80962586750478	43.27719113275688	-529.896240234375
2.4912016923952947	-124.80962586750478	43.27759008629616	-530.3223876953125
2.4916006459345654	-124.80962586750478	43.277989039835425	-530.4786376953125
2.491999599473836	-124.80962586750478	43.2783879933747	-529.9201049804688
2.492398553013107	-124.80962586750478	43.27878694691397	-529.088623046875
2.4927975065523773	-124.80962586750478	43.27918590045324	-528.51806640625
2.493196460091648	-124.80962586750478	43.27958485399251	-528.05419921875
2.493196460091648	-124.80962586750478	43.27958485399251	-528.05419921875
